"","2010","","","","","","","","","","","","2013","","","","","","","","",""
"Country","TB","Malaria ","HIV","RoundWorm","HookWorm","WhipWorm","Schistosomiasis","Onchocerciasis","LF","NTDs","Total","Country","TB","Malaria ","HIV","RoundWorm","HookWorm","WhipWorm","Schistosomiasis","Onchocerciasis","LF","Total"
"Sum","103,250,127.98","134,422,768.33","85,818,380.20","1,094,508.31","474,664.35","109,507.00","2,579,472.93","N/A - No model","1,732,635.42","5,990,788.00","329,482,064.52","Sum","93,022,308.52","85,631,012.77","76,401,951.92","1,557,624.66","454,057.90","102,773.72","2,125,167.40","1,042,281.34","1,363,235.75","260,337,178.23"
"Afghanistan","971,911.13","246,339.27","24,069.09","12,940.67","227.23","213.53","0.00","","0.00","13,381.43","1,255,700.92","Afghanistan","866,912.89","115,789.88","6,965.01","14,353.46","248.93","227.35","0.00","0.00","0.00","1,004,497.52"
"Albania","5,227.81","3.62","2,038.61","1.56","0.00","0.00","0.00","","0.00","1.56","7,271.59","Albania","1,827.78","0.00","85.12","1.06","0.00","0.00","0.00","0.00","0.00","1,913.96"
"Algeria","202,547.44","12.60","51,642.56","157.11","0.38","1.57","5,615.93","","0.00","5,775.00","259,977.61","Algeria","116,411.39","886.35","4,316.84","143.26","0.40","1.50","5,580.51","0.00","0.00","127,340.25"
"American Samoa","0.00","0.00","0.00","0.00","0.00","0.00","0.00","","121.68","121.68","121.68","American Samoa","0.00","0.00","109.78","0.00","0.00","0.00","0.00","0.00","133.03","109.78"
"Andorra","60.40","0.06","0.00","0.00","0.00","0.00","0.00","","0.00","0.00","60.46","Andorra","0.00","0.00","62.38","0.00","0.00","0.00","0.00","0.00","0.00","62.38"
"Angola","524,757.47","5,911.28","711,773.20","13,881.11","5,387.66","672.17","28,952.22","","21,679.42","70,572.58","1,313,014.53","Angola","717,505.59","1,172,629.05","686,295.76","9,094.41","5,814.55","741.12","28,157.13","6,996.83","24,183.44","2,627,234.44"
"Anguilla","0.00","0.00","0.00","0.00","0.00","0.00","0.00","","0.00","0.00","0.00","Anguilla","0.00","0.00","0.00","0.00","0.00","0.00","0.00","0.00","0.00","0.00"
"Antigua and Barbuda","62.99","0.07","410.00","0.05","0.00","0.00","19.50","","0.00","19.55","492.61","Antigua and Barbuda","179.56","0.00","485.45","0.05","0.00","0.00","20.37","0.00","0.00","685.42"
"Argentina","66,142.56","38.77","91,482.58","203.11","733.32","1.44","0.00","","0.00","937.87","158,601.78","Argentina","50,967.12","100.00","88,936.50","192.65","734.88","1.42","0.00","0.00","0.00","140,932.57"
"Armenia","14,640.33","1.00","6,795.21","1.22","0.08","0.00","0.00","","0.00","1.30","21,437.83","Armenia","11,279.43","0.00","1,371.42","1.01","0.07","0.00","0.00","0.00","0.00","12,651.93"
"Aruba","0.00","0.00","0.00","0.00","0.00","0.00","0.00","","0.00","0.00","0.00","Aruba","0.00","0.00","0.00","0.00","0.00","0.00","0.00","0.00","0.00","0.00"
"Australia","5,317.79","80.38","8,231.23","0.00","0.00","0.00","0.00","","0.00","0.00","13,629.40","Australia","4,229.07","0.00","5,557.28","0.00","0.00","0.00","0.00","0.00","0.00","9,786.35"
"Austria","4,021.01","2.24","3,846.19","0.00","0.00","0.00","0.00","","0.00","0.00","7,869.43","Austria","2,926.71","0.00","3,808.71","0.00","0.00","0.00","0.00","0.00","0.00","6,735.43"
"Azerbaijan","74,602.31","12.26","8,138.17","29.04","0.09","0.00","0.00","","0.00","29.13","82,781.86","Azerbaijan","67,689.57","0.00","2,584.30","20.40","0.09","0.00","0.00","0.00","0.00","70,294.36"
"Bahamas","496.51","0.50","0.00","0.15","0.00","0.00","0.00","","0.00","0.15","497.16","Bahamas","0.00","0.00","0.00","0.13","0.00","0.00","0.00","0.00","0.00","0.14"
"Bahrain","2,353.34","0.60","3,598.91","0.00","0.01","0.00","0.00","","0.00","0.01","5,952.86","Bahrain","1,001.21","0.00","820.42","0.00","0.01","0.00","0.00","0.00","0.00","1,821.64"
"Bangladesh","2,391,793.15","201,174.95","12,305.62","62,667.19","39,713.58","11,055.45","0.00","","126,731.86","240,168.08","2,845,441.81","Bangladesh","1,068,324.13","11,362.61","15,022.45","50,358.27","34,322.64","10,135.54","0.00","0.00","23,381.09","1,189,525.63"
"Barbados","156.60","0.31","2,069.16","0.00","0.00","0.00","0.00","","0.00","0.00","2,226.07","Barbados","493.62","0.00","1,219.35","0.00","0.00","0.00","0.00","0.00","0.00","1,712.97"
"Belarus","57,324.06","25.42","13,724.25","0.00","0.00","0.00","0.00","","0.00","0.00","71,073.73","Belarus","48,093.62","0.00","20,200.78","0.00","0.00","0.00","0.00","0.00","0.00","68,294.39"
"Belgium","6,471.34","4.52","5,291.82","0.00","0.00","0.00","0.00","","0.00","0.00","11,767.69","Belgium","4,811.46","0.00","4,579.95","0.00","0.00","0.00","0.00","0.00","0.00","9,391.41"
"Belize","1,107.53","109.62","9,961.98","12.16","8.74","0.10","0.00","","0.00","21.00","11,200.14","Belize","404.37","118.49","5,205.54","9.80","5.22","0.07","0.00","0.00","0.00","5,743.49"
"Benin","175,295.84","2,105,858.44","154,766.30","3,214.19","660.14","0.45","44,443.19","","8,723.25","57,041.22","2,492,961.79","Benin","162,491.76","778,068.42","148,887.38","2,850.96","702.20","0.48","37,883.67","452.40","6,879.92","1,131,337.28"
"Bermuda","0.00","0.00","0.00","0.00","0.00","0.00","0.00","","0.00","0.00","0.00","Bermuda","0.00","0.00","389.66","0.00","0.00","0.00","0.00","0.00","0.00","389.66"
"Bhutan","10,820.73","817.85","1,782.51","79.53","8.65","0.29","0.00","","0.00","88.46","13,509.55","Bhutan","6,887.71","836.42","1,616.73","48.77","8.38","0.27","0.00","0.00","0.00","9,398.28"
"Bolivia","137,292.45","1,652.47","63,298.61","633.18","1,756.42","34.52","0.00","","0.00","2,424.11","204,667.64","Bolivia","50,576.26","352.48","28,490.49","490.88","1,750.94","34.49","0.00","0.00","0.00","81,695.54"
"Bonaire, Saint Eustatius and Saba","0.00","0.00","0.00","0.00","0.00","0.00","0.00","","0.00","0.00","0.00","Bonaire, Saint Eustatius and Saba","0.00","0.00","0.00","0.00","0.00","0.00","0.00","0.00","0.00","0.00"
"Bosnia and Herzegovina","13,158.24","3.59","2,392.33","0.00","0.00","0.00","0.00","","0.00","0.00","15,554.16","Bosnia and Herzegovina","8,343.79","0.00","155.42","0.00","0.00","0.00","0.00","0.00","0.00","8,499.20"
"Botswana","37,911.88","15,603.75","241,276.27","20.87","477.99","95.55","2,934.93","","0.00","3,529.34","298,321.24","Botswana","89,374.78","12,595.10","374,482.90","17.74","478.38","96.13","3,297.03","0.00","0.00","480,342.05"
"Brazil","598,862.35","15,441.84","1,019,780.81","7,233.14","8,169.70","2,550.35","130,174.17","","218.14","148,345.51","1,782,430.50","Brazil","471,894.12","18,624.82","836,436.74","6,710.30","7,665.10","2,464.51","111,647.23","37.93","38.30","1,455,480.75"
"British Virgin Islands","0.00","0.00","0.00","0.00","0.00","0.00","0.00","","0.00","0.00","0.00","British Virgin Islands","0.00","0.00","0.00","0.00","0.00","0.00","0.00","0.00","0.00","0.00"
"Brunei Darussalam","1,290.13","0.09","218.10","0.24","0.00","0.00","0.00","","37.82","38.05","1,546.37","Brunei Darussalam","610.64","0.00","0.00","0.22","0.00","0.00","0.00","0.00","0.00","610.86"
"Bulgaria","19,954.83","6.02","9,669.64","0.00","0.00","0.00","0.00","","0.00","0.00","29,630.48","Bulgaria","9,587.16","0.00","2,574.43","0.00","0.00","0.00","0.00","0.00","0.00","12,161.58"
"Burkina Faso","371,895.05","5,069,997.95","371,597.06","6,753.38","1,321.85","0.22","46,426.08","","32,381.39","86,882.92","5,900,372.98","Burkina Faso","387,528.94","2,694,030.19","255,082.35","6,536.57","1,361.14","0.22","17,978.15","0.00","19,273.89","3,362,517.56"
"Burundi","836,517.96","1,190,933.60","566,036.45","3,166.15","3,822.89","183.32","21,184.61","","0.00","28,356.96","2,621,844.97","Burundi","640,119.28","1,160,521.54","246,688.27","3,457.26","3,693.67","174.13","16,538.73","11,750.14","0.00","2,082,943.00"
"Cambodia","405,360.20","109,004.81","86,290.55","418.02","193.04","0.00","35,700.61","","454.22","36,765.87","637,421.43","Cambodia","251,889.58","65,703.83","103,200.38","235.44","67.64","0.00","13,255.06","0.00","830.38","434,351.92"
"Cameroon","334,160.28","3,519,956.25","1,707,691.27","219,824.60","5,441.11","2,617.39","57,566.40","","30,691.15","316,140.66","5,877,948.46","Cameroon","368,850.11","1,927,321.60","1,614,946.27","806,631.44","4,494.00","2,139.85","40,755.37","82,597.89","26,772.04","4,847,736.51"
"Canada","9,427.47","115.87","33,172.09","0.00","0.00","0.00","0.00","","0.00","0.00","42,715.43","Canada","6,827.51","0.00","22,174.23","0.00","0.00","0.00","0.00","0.00","0.00","29,001.74"
"Cape Verde","3,172.94","4,643.77","5,964.21","0.64","1.00","0.00","0.00","","0.00","1.64","13,782.57","Cape Verde","3,408.14","0.00","7,114.37","0.45","0.88","0.00","0.00","0.00","0.00","10,523.83"
"Cayman Islands","0.00","0.00","0.00","0.00","0.00","0.00","0.00","","0.00","0.00","0.00","Cayman Islands","0.00","0.00","0.00","0.00","0.00","0.00","0.00","0.00","0.00","0.00"
"Central African Republic","319,525.99","757,572.80","509,405.72","6,695.56","2,210.69","39.11","4,657.86","","9,366.13","22,969.35","1,609,473.86","Central African Republic","284,527.96","354,786.54","485,702.89","6,166.43","2,296.90","40.10","4,225.30","22,395.11","9,859.54","1,160,141.23"
"Chad","377,528.46","1,555,816.82","519,001.10","6,257.48","4,191.14","0.22","27,040.55","","12,242.84","49,732.23","2,502,078.61","Chad","440,145.77","1,019,656.62","637,642.35","5,981.62","4,689.68","0.24","30,176.13","12,650.77","13,666.89","2,150,943.18"
"Chile","32,962.27","5.07","32,178.17","318.15","0.16","11.89","0.00","","0.00","330.20","65,475.71","Chile","28,104.39","0.00","26,979.14","314.53","0.12","11.44","0.00","0.00","0.00","55,409.62"
"China","3,670,429.36","12,290.16","1,807,612.53","9,505.75","34,728.69","2,068.43","48,561.28","","0.00","94,864.15","5,585,196.21","China","3,430,786.50","11,926.25","1,117,607.27","7,414.47","30,865.03","1,915.42","34,174.36","0.00","0.00","4,634,689.31"
"China, Hong Kong SAR","0.00","0.00","0.00","0.00","0.00","0.00","0.00","","0.00","0.00","0.00","China, Hong Kong SAR","0.00","0.00","0.00","0.00","0.00","0.00","0.00","0.00","0.00","0.00"
"China, Macao SAR","0.00","0.00","0.00","0.00","0.00","0.00","0.00","","0.00","0.00","0.00","China, Macao SAR","0.00","0.00","0.00","0.00","0.00","0.00","0.00","0.00","0.00","0.00"
"Colombia","113,127.61","4,280.75","481,796.02","8,948.44","6,289.68","4,323.06","0.00","","0.00","19,561.18","618,765.57","Colombia","96,003.28","37,907.31","165,964.11","5,955.10","5,189.49","1,800.54","0.00","0.00","0.00","312,819.83"
"Comoros","21,589.08","51,431.73","14.41","364.26","244.28","176.09","0.00","","1,069.96","1,854.58","74,889.81","Comoros","24,022.73","19,089.11","1,294.62","293.55","263.32","189.86","0.00","0.00","1,108.75","45,153.21"
"Congo","117,862.05","433,931.35","268,259.56","2,627.97","1,289.81","759.38","11,189.29","","7,865.25","23,731.70","843,784.66","Congo","100,446.47","183,666.38","250,273.48","2,037.00","1,282.76","713.96","10,275.79","1,683.04","5,074.79","550,378.87"
"Cook Islands","0.00","0.00","0.00","0.00","0.00","0.00","0.00","","0.00","0.00","0.00","Cook Islands","0.00","0.00","0.00","0.00","0.00","0.00","0.00","0.00","0.00","0.00"
"Costa Rica","5,764.89","2.98","8,911.12","191.83","313.82","24.41","0.00","","0.00","530.06","15,209.05","Costa Rica","4,200.30","0.00","8,249.89","178.40","316.01","23.30","0.00","0.00","0.00","12,967.91"
"C??te d'Ivoire","525,963.68","3,335,139.83","1,396,911.38","8,394.07","6,287.90","307.09","89,156.60","","29,068.25","133,213.91","5,391,228.81","C??te d'Ivoire","512,036.24","1,655,385.91","0.00","10,384.94","6,528.54","326.00","80,924.25","0.00","31,363.79","2,265,585.89"
"Croatia","7,162.03","3.51","993.74","0.00","0.00","0.00","0.00","","0.00","0.00","8,159.27","Croatia","4,325.46","0.00","339.83","0.00","0.00","0.00","0.00","0.00","0.00","4,665.29"
"Cuba","7,649.56","8.48","21,902.92","615.36","906.10","24.32","0.00","","0.00","1,545.78","31,106.74","Cuba","3,407.28","0.00","19,566.27","595.79","891.21","23.21","0.00","0.00","0.00","24,483.76"
"Cura??ao","0.00","0.00","0.00","0.00","0.00","0.00","0.00","","0.00","0.00","0.00","Cura??ao","0.00","0.00","0.00","0.00","0.00","0.00","0.00","0.00","0.00","0.00"
"Cyprus","244.00","0.35","588.48","0.00","0.00","0.00","0.00","","0.00","0.00","832.83","Cyprus","188.06","0.00","299.22","0.00","0.00","0.00","0.00","0.00","0.00","487.28"
"Czech Republic","6,599.44","9.36","982.18","0.00","0.00","0.00","0.00","","0.00","0.00","7,590.98","Czech Republic","3,640.00","0.00","830.80","0.00","0.00","0.00","0.00","0.00","0.00","4,470.80"
"Democratic People's Republic of Korea","367,445.34","33.52","9,291.26","824.02","0.31","0.00","0.00","","0.00","824.33","377,594.45","Democratic People's Republic of Korea","225,092.05","118.63","0.00","674.03","0.31","0.00","0.00","0.00","0.00","225,885.02"
"Democratic Republic of the Congo","3,730,361.07","12,426,837.43","2,802,918.31","70,591.47","21,981.50","4,020.57","190,912.35","","23,392.40","310,898.28","19,271,015.10","Democratic Republic of the Congo","3,024,472.96","4,412,540.63","1,911,736.79","72,147.56","23,991.52","4,424.01","198,194.13","495,716.75","24,661.20","10,143,224.37"
"Denmark","2,453.30","1.70","2,861.67","0.00","0.00","0.00","0.00","","0.00","0.00","5,316.67","Denmark","1,795.38","0.00","1,979.52","0.00","0.00","0.00","0.00","0.00","0.00","3,774.90"
"Djibouti","23,198.15","12,419.66","53,598.75","54.31","45.99","62.86","414.08","","0.00","577.24","89,793.80","Djibouti","29,317.86","28,382.61","46,505.03","43.50","40.94","62.84","387.39","0.00","0.00","104,740.17"
"Dominica","154.16","0.06","388.12","0.13","0.01","0.00","0.00","","0.00","0.14","542.48","Dominica","164.54","0.00","343.63","0.12","0.01","0.00","0.00","0.00","0.00","508.30"
"Dominican Republic","43,915.87","760.80","106,287.63","24.28","0.19","0.00","1,264.22","","409.83","1,698.52","152,662.82","Dominican Republic","33,382.40","1,075.61","224,643.85","20.99","0.16","0.00","1,286.76","0.00","204.80","260,409.77"
"Ecuador","80,742.68","1,699.77","83,500.91","2,328.78","372.67","1,516.62","0.00","","0.00","4,218.07","170,161.43","Ecuador","75,838.65","2,476.53","46,634.87","2,128.62","290.35","1,457.38","0.00","0.00","0.00","128,826.40"
"Egypt","175,712.22","24.80","21,029.30","430.60","1,662.96","1.20","200,561.91","","516.67","203,173.35","399,939.66","Egypt","70,227.58","509.62","6,678.75","407.29","1,676.23","1.22","63,574.98","0.00","527.47","143,075.67"
"El Salvador","10,998.65","6.96","31,832.21","55.61","313.94","12.61","0.00","","0.00","382.16","43,219.98","El Salvador","6,993.60","0.00","10,003.02","38.44","173.57","7.96","0.00","0.00","0.00","17,216.58"
"Equatorial Guinea","12,723.65","83,099.04","68,064.13","595.47","179.48","147.58","567.82","","1,123.62","2,613.96","166,500.79","Equatorial Guinea","11,312.63","65,540.59","78,780.36","383.29","168.05","129.84","592.05","1,472.37","1,177.26","158,379.17"
"Eritrea","232,667.07","211,107.27","93,361.48","673.32","112.91","34.04","4,381.41","","165.94","5,367.62","542,503.44","Eritrea","236,737.75","164,836.21","64,039.77","578.08","111.52","36.86","4,228.52","0.00","181.88","470,568.71"
"Estonia","3,692.67","4.33","13,432.94","0.02","0.00","0.00","0.00","","0.00","0.02","17,129.96","Estonia","2,891.57","0.00","2,268.19","0.01","0.00","0.00","0.00","0.00","0.00","5,159.77"
"Ethiopia","3,907,205.59","2,908,331.79","1,429,163.57","29,160.58","14,732.71","4,618.16","222,618.47","","1,086.30","272,216.22","8,516,917.18","Ethiopia","3,686,182.13","1,943,992.69","1,719,188.10","20,519.08","14,749.02","4,858.74","215,708.89","28,401.22","1,138.88","7,633,599.87"
"Fiji","3,984.27","27.30","1,244.20","151.04","287.21","20.62","0.00","","1,224.44","1,683.31","6,939.09","Fiji","2,673.96","0.00","583.22","120.03","249.18","20.55","0.00","0.00","283.29","3,646.95"
"Finland","2,802.19","1.69","1,224.50","0.00","0.00","0.00","0.00","","0.00","0.00","4,028.37","Finland","2,398.30","0.00","459.32","0.00","0.00","0.00","0.00","0.00","0.00","2,857.62"
"France","46,807.92","18.00","48,931.28","0.00","0.00","0.00","12.86","","0.00","12.86","95,770.07","France","37,158.42","0.00","23,698.16","0.00","0.00","0.00","0.00","0.00","0.00","60,856.57"
"French Polynesia","0.00","0.00","0.00","0.00","0.00","0.00","0.00","","0.00","0.00","0.00","French Polynesia","0.00","0.00","0.00","0.00","0.00","0.00","0.00","0.00","0.00","0.00"
"Gabon","27,281.07","109,318.13","118,619.79","1,275.12","403.81","376.53","3,185.38","","1,205.55","6,446.40","261,665.39","Gabon","45,066.63","80,988.48","86,364.83","1,333.89","437.12","469.77","3,290.92","0.00","1,324.52","217,951.64"
"Gambia","32,024.47","109,537.41","49,212.35","160.01","103.46","0.18","5,764.29","","2,144.58","8,172.51","198,946.75","Gambia","0.00","0.00","0.00","131.43","109.85","0.20","6,285.73","0.00","2,219.90","6,527.20"
"Georgia","29,888.50","5.70","6,471.28","0.00","0.04","0.00","0.00","","0.00","0.04","36,365.53","Georgia","18,378.99","0.00","2,304.83","0.00","0.00","0.00","0.00","0.00","0.00","20,683.82"
"Germany","33,309.62","27.25","29,296.12","0.00","0.00","0.00","0.00","","0.00","0.00","62,632.98","Germany","22,856.85","0.00","30,404.56","0.00","0.00","0.00","0.00","0.00","0.00","53,261.41"
"Ghana","309,937.85","2,469,483.00","957,058.74","2,895.57","1,243.12","2.92","52,187.32","","21,501.54","77,830.48","3,814,310.07","Ghana","255,694.65","1,536,371.95","935,264.07","2,409.60","1,285.39","3.13","41,992.34","0.00","8,655.40","2,773,021.12"
"Greece","5,739.96","4.30","26,674.35","0.00","0.00","0.00","0.00","","0.00","0.00","32,418.61","Greece","6,811.23","0.00","2,626.97","0.00","0.00","0.00","0.00","0.00","0.00","9,438.20"
"Greenland","129.59","0.00","85.58","0.00","0.00","0.00","0.00","","0.00","0.00","215.17","Greenland","54,290.61","0.00","77.26","0.00","0.00","0.00","0.00","0.00","0.00","54,367.87"
"Grenada","181.54","0.09","718.41","1.26","15.43","0.02","0.00","","0.00","16.71","916.75","Grenada","191.58","0.00","494.91","1.20","14.50","0.02","0.00","0.00","0.00","702.21"
"Guam","0.00","0.00","0.00","0.88","0.02","0.00","0.00","","0.00","0.90","0.90","Guam","0.00","0.00","254.82","0.83","0.02","0.00","0.00","0.00","0.00","255.67"
"Guatemala","96,741.05","2,933.74","98,583.86","2,141.97","6,243.79","1,195.70","0.00","","0.00","9,581.46","207,840.11","Guatemala","32,750.97","6,386.67","34,796.89","1,711.00","4,858.54","1,039.29","0.00","0.00","0.00","81,543.35"
"Guinea","296,640.97","2,042,353.91","220,683.12","12,000.58","4,138.20","104.24","34,871.72","","11,766.04","62,880.79","2,622,558.79","Guinea","268,693.16","1,451,428.25","298,412.53","10,673.86","4,376.40","112.69","35,918.93","0.00","12,523.83","2,069,615.82"
"Guinea-Bissau","52,847.14","526,641.20","45,456.13","1,340.84","352.10","1.51","4,604.01","","3,332.33","9,630.80","634,575.26","Guinea-Bissau","54,508.63","376,953.20","122,331.29","966.91","266.94","1.23","4,518.02","0.00","3,439.97","559,546.23"
"Guyana","6,716.75","701.71","22,224.25","35.50","23.32","4.25","0.00","","1,571.88","1,634.95","31,277.65","Guyana","3,111.24","587.94","12,319.00","28.75","20.45","3.63","0.00","0.00","1,520.06","16,071.01"
"Haiti","391,013.08","45,643.93","119,895.61","1,250.44","213.14","11.33","0.00","","32,543.48","34,018.40","590,571.02","Haiti","151,099.09","22,672.03","478,037.43","861.90","163.88","8.51","0.00","0.00","28,410.74","652,842.84"
"Honduras","33,645.41","1,137.68","73,592.41","932.75","255.66","916.08","0.00","","0.00","2,104.49","110,479.99","Honduras","14,451.60","3,601.38","21,424.51","839.23","238.75","859.80","0.00","0.00","0.00","41,415.29"
"Hungary","13,902.30","7.93","7,976.11","0.00","0.00","0.00","0.00","","0.00","0.00","21,886.34","Hungary","7,678.91","0.00","1,347.84","0.00","0.00","0.00","0.00","0.00","0.00","9,026.74"
"Iceland","116.82","0.10","385.18","0.00","0.00","0.00","0.00","","0.00","0.00","502.10","Iceland","0.00","0.00","96.55","0.00","0.00","0.00","0.00","0.00","0.00","96.55"
"India","32,342,894.68","2,778,955.62","9,333,642.96","120,208.53","99,815.25","9,750.03","0.00","","412,351.29","642,125.10","45,097,618.36","India","38,908,046.37","6,620,045.75","6,587,391.32","106,932.81","97,428.92","9,758.13","0.00","0.00","293,622.88","52,329,603.31"
"Indonesia","11,958,217.01","775,237.79","687,939.41","29,752.84","11,341.64","1,605.43","673.28","","248,934.97","292,308.16","13,713,702.37","Indonesia","6,215,289.76","205,906.57","466,409.58","23,960.85","11,551.38","1,540.55","474.92","0.00","189,507.29","6,925,133.61"
"Iran","121,354.82","346.78","115,657.05","143.16","126.86","0.00","270.18","","0.00","540.20","237,898.85","Iran","85,133.38","816.59","20,255.62","130.23","120.44","0.00","263.84","0.00","0.00","106,720.11"
"Iraq","129,151.88","46.80","461.89","75.20","1.36","0.01","4,938.40","","0.00","5,014.97","134,675.53","Iraq","88,509.39","100.00","12,291.55","69.43","1.40","0.02","5,287.52","0.00","0.00","106,259.30"
"Ireland","2,433.45","1.74","1,724.01","0.00","0.00","0.00","0.00","","0.00","0.00","4,159.20","Ireland","1,805.31","0.00","935.82","0.00","0.00","0.00","0.00","0.00","0.00","2,741.13"
"Israel","2,742.01","3.35","3,246.13","0.00","0.00","0.00","0.00","","0.00","0.00","5,991.49","Israel","1,788.56","0.00","2,860.66","0.00","0.00","0.00","0.00","0.00","0.00","4,649.23"
"Italy","26,818.71","15.02","55,292.47","0.00","0.00","0.00","0.00","","0.00","0.00","82,126.19","Italy","20,104.95","0.00","48,140.84","0.00","0.00","0.00","0.00","0.00","0.00","68,245.79"
"Jamaica","1,647.80","2.32","61,772.02","410.75","148.15","154.60","0.00","","0.00","713.50","64,135.64","Jamaica","2,557.13","0.00","7,923.26","382.75","133.35","133.00","0.00","0.00","0.00","11,129.49"
"Japan","228,193.22","9.94","6,794.47","0.00","0.00","0.00","52.42","","0.00","52.42","235,050.05","Japan","118,406.64","0.00","9,515.67","0.00","0.00","0.00","0.00","0.00","0.00","127,922.31"
"Jordan","5,787.19","1.85","1,269.46","322.08","75.69","4.48","185.53","","0.00","587.78","7,646.28","Jordan","1,983.71","0.00","373.07","348.25","80.74","4.64","193.17","0.00","0.00","2,983.58"
"Kazakhstan","247,843.74","4.84","36,210.08","1,344.50","0.22","0.00","0.00","","0.00","1,344.73","285,403.39","Kazakhstan","200,689.17","0.00","18,558.85","1,443.64","0.22","0.00","0.00","0.00","0.00","220,691.87"
"Kenya","1,003,130.27","2,444,864.17","3,365,417.95","3,128.91","2,588.72","148.19","65,765.44","","778.45","72,409.71","6,885,822.11","Kenya","1,447,196.27","846,698.84","3,014,128.27","2,712.18","2,643.49","156.49","67,535.18","0.00","924.28","5,381,070.72"
"Kiribati","2,524.44","2.79","197.68","0.97","9.68","0.80","0.00","","0.00","11.46","2,736.37","Kiribati","1,341.05","0.00","27.98","0.79","8.89","0.79","0.00","0.00","0.00","1,379.50"
"Kuwait","6,626.34","2.72","2,745.53","0.00","0.00","0.00","0.00","","0.00","0.00","9,374.59","Kuwait","2,648.69","0.00","278.12","0.00","0.00","0.00","0.00","0.00","0.00","2,926.82"
"Kyrgyzstan","57,932.08","9.30","39,261.64","637.82","0.06","0.00","0.00","","0.00","637.89","97,840.90","Kyrgyzstan","50,727.56","0.00","13,800.69","669.82","0.07","0.00","0.00","0.00","0.00","65,198.15"
"Lao People's Democratic Republic","176,114.54","43,345.47","14,573.64","5,461.48","764.66","447.80","2,614.78","","276.85","9,565.57","243,599.21","Lao People's Democratic Republic","108,628.79","8,489.24","0.00","4,395.80","683.43","409.70","1,507.38","0.00","228.14","124,114.35"
"Latvia","10,220.97","6.48","20,107.08","0.08","0.00","0.00","0.00","","0.00","0.08","30,334.61","Latvia","5,483.72","0.00","6,217.89","0.05","0.00","0.00","0.00","0.00","0.00","11,701.66"
"Lebanon","8,026.07","1.06","8,851.71","0.38","0.03","0.00","1.21","","0.00","1.63","16,880.47","Lebanon","2,838.80","0.00","1,684.23","0.34","0.04","0.00","1.27","0.00","0.00","4,524.68"
"Lesotho","170,944.12","10.36","759,307.06","479.23","571.47","1,187.38","0.00","","0.00","2,238.08","932,499.62","Lesotho","309,855.61","0.00","623,631.55","172.36","545.59","1,334.98","0.00","0.00","0.00","935,540.09"
"Liberia","197,676.52","1,281,184.76","125,463.25","2,387.82","1,800.21","129.00","13,572.29","","12,128.83","30,018.14","1,634,342.67","Liberia","111,049.51","466,076.12","127,655.22","4,666.77","2,816.53","149.24","13,480.10","47,219.87","10,241.55","773,113.36"
"Libya","7,945.69","1.78","7,290.81","16.71","0.08","1.61","7,596.24","","0.00","7,614.64","22,852.92","Libya","5,715.77","0.00","2,523.39","13.52","0.06","1.47","7,257.78","0.00","0.00","15,512.00"
"Lithuania","21,866.10","6.80","3,537.87","0.12","0.00","0.00","0.00","","0.00","0.12","25,410.89","Lithuania","14,815.82","0.00","2,924.93","0.08","0.00","0.00","0.00","0.00","0.00","17,740.83"
"Luxembourg","182.70","1.27","335.04","0.00","0.00","0.00","0.00","","0.00","0.00","519.02","Luxembourg","188.06","0.00","204.88","0.00","0.00","0.00","0.00","0.00","0.00","392.95"
"Madagascar","420,952.08","948,108.13","203,058.87","34,231.71","3,474.12","7,999.35","40,351.83","","24,284.06","110,341.07","1,682,460.14","Madagascar","374,968.22","412,306.80","125,033.39","31,767.22","2,812.59","6,550.09","37,317.66","0.00","23,945.13","990,755.98"
"Malawi","554,464.54","2,001,282.72","2,835,064.37","3,060.69","1,095.58","9.35","34,156.66","","23,049.37","61,371.66","5,452,183.29","Malawi","689,853.13","533,974.32","2,547,051.53","2,483.64","915.40","7.79","23,760.02","4,813.48","21,443.87","3,802,859.30"
"Malaysia","127,046.94","17,699.96","241,062.00","9,179.80","6,153.13","792.55","0.00","","113.74","16,239.22","402,048.12","Malaysia","127,625.71","14,003.79","84,640.41","8,329.70","5,917.77","706.28","0.00","0.00","102.25","241,223.67"
"Maldives","946.40","2.56","108.01","0.11","0.00","0.00","0.00","","0.00","0.11","1,057.08","Maldives","574.74","0.00","43.42","0.07","0.00","0.00","0.00","0.00","22.26","618.23"
"Mali","365,922.94","4,558,375.02","336,740.07","3,184.48","2,376.89","0.12","37,298.46","","37,387.63","80,247.57","5,341,285.60","Mali","265,810.94","3,732,858.09","289,080.76","2,635.47","2,026.19","0.10","21,288.78","0.00","34,901.77","4,313,700.32"
"Malta","176.32","0.13","144.17","0.00","0.00","0.00","0.00","","0.00","0.00","320.62","Malta","0.00","0.00","129.78","0.00","0.00","0.00","0.00","0.00","0.00","129.78"
"Marshall Islands","1,354.25","1.99","0.00","1.43","22.98","0.37","0.00","","0.00","24.78","1,381.02","Marshall Islands","405.28","0.00","101.31","1.22","23.24","0.38","0.00","0.00","15.89","531.42"
"Mauritania","71,509.96","156,683.46","53,657.13","114.18","97.14","2.39","7,093.31","","83.40","7,390.43","289,240.97","Mauritania","64,562.04","167,815.59","32,130.45","91.69","102.08","2.50","6,994.46","0.00","93.17","271,698.81"
"Mauritius","1,123.94","9.83","24,346.88","0.58","0.01","0.00","1,152.40","","0.00","1,152.99","26,633.63","Mauritius","1,119.62","0.00","5,032.48","0.42","0.01","0.00","1,196.80","0.00","0.00","7,349.32"
"Mexico","289,581.21","116.68","266,959.39","5,390.87","26.95","6,442.94","0.00","","0.00","11,860.76","568,518.04","Mexico","194,378.32","119.66","291,762.27","5,005.67","22.56","6,247.48","0.00","0.00","0.00","497,535.97"
"Micronesia (Federated States of)","1,821.06","4.14","0.00","22.62","10.84","0.42","0.00","","25.09","58.98","1,884.17","Micronesia (Federated States of)","0.00","0.00","0.00","21.13","9.28","0.40","0.00","0.00","53.32","30.82"
"Monaco","0.00","0.00","0.00","0.00","0.00","0.00","0.00","","0.00","0.00","0.00","Monaco","0.00","0.00","0.00","0.00","0.00","0.00","0.00","0.00","0.00","0.00"
"Mongolia","57,373.91","0.96","1,101.73","0.00","0.04","0.00","0.00","","0.00","0.04","58,476.64","Mongolia","51,850.26","0.00","160.05","0.00","0.05","0.00","0.00","0.00","0.00","52,010.36"
"Montenegro","621.87","0.53","94.57","0.16","0.00","0.00","0.00","","0.00","0.16","717.13","Montenegro","382.05","0.00","54.22","0.11","0.00","0.00","0.00","0.00","0.00","436.38"
"Montserrat","0.00","0.00","0.00","0.00","0.00","0.00","0.00","","0.00","0.00","0.00","Montserrat","0.00","0.00","0.00","0.00","0.00","0.00","0.00","0.00","0.00","0.00"
"Morocco","477,696.51","8.93","78,606.34","433.43","0.29","64.47","2,864.39","","0.00","3,362.58","559,674.36","Morocco","205,209.92","400.00","20,964.15","400.15","0.34","64.31","2,969.81","0.00","0.00","230,008.68"
"Mozambique","1,078,455.47","5,258,951.00","4,138,318.25","45,368.97","8,471.02","8,606.72","26,049.25","","44,502.73","132,998.70","10,608,723.42","Mozambique","1,043,451.44","3,536,394.24","5,316,341.06","26,412.60","11,436.36","9,757.52","23,110.60","0.00","41,955.20","9,966,903.82"
"Myanmar","2,268,199.12","1,286,395.29","1,125,585.01","7,744.98","806.53","3,786.04","0.00","","73,416.48","85,754.02","4,765,933.43","Myanmar","1,499,869.38","656,448.06","474,687.30","4,956.92","490.17","2,553.17","0.00","0.00","57,579.34","2,639,005.00"
"Namibia","85,112.90","31,208.82","295,555.87","18.10","478.56","5.75","1,549.42","","0.00","2,051.83","413,929.42","Namibia","179,840.73","18,198.09","311,400.38","14.05","482.70","6.03","1,695.69","0.00","0.00","511,637.67"
"Nauru","0.00","0.00","0.00","0.00","0.00","0.00","0.00","","0.00","0.00","0.00","Nauru","0.00","0.00","0.00","0.00","0.00","0.00","0.00","0.00","0.00","0.00"
"Nepal","799,163.85","32,006.41","223,024.23","3,207.31","13,736.89","1,675.15","0.00","","30,335.87","48,955.21","1,103,149.70","Nepal","527,501.25","28,320.28","86,941.38","2,887.84","13,382.30","1,593.61","0.00","0.00","23,831.79","660,626.66"
"Netherlands","7,030.72","5.52","5,222.45","0.00","0.00","0.00","0.00","","0.00","0.00","12,258.68","Netherlands","4,791.42","0.00","4,219.40","0.00","0.00","0.00","0.00","0.00","0.00","9,010.82"
"New Caledonia","0.00","0.00","0.00","0.00","0.00","0.00","0.00","","0.00","0.00","0.00","New Caledonia","0.00","0.00","0.00","0.00","0.00","0.00","0.00","0.00","0.00","0.00"
"New Zealand","1,548.79","20.38","918.33","0.00","0.00","0.00","0.00","","0.00","0.00","2,487.50","New Zealand","1,013.05","0.00","853.17","0.00","0.00","0.00","0.00","0.00","0.00","1,866.22"
"Nicaragua","32,552.52","1,741.69","4,978.91","196.82","11.05","40.46","0.00","","0.00","248.34","39,521.46","Nicaragua","14,024.25","815.53","4,340.65","147.15","6.16","27.31","0.00","0.00","0.00","19,361.05"
"Niger","575,787.22","2,846,555.29","191,428.62","4,011.56","530.24","0.00","22,940.75","","11,209.69","38,692.24","3,652,463.37","Niger","430,291.19","2,694,360.43","229,617.69","3,710.49","478.37","0.00","14,396.89","0.00","9,905.14","3,372,855.07"
"Nigeria","4,251,848.36","45,922,844.19","9,429,745.65","155,150.34","19,915.90","453.20","391,251.25","","242,127.33","808,898.03","60,413,336.23","Nigeria","3,251,812.01","31,585,759.63","10,584,503.71","152,225.71","20,372.71","485.40","356,862.32","183,163.94","257,452.30","46,135,185.42"
"Niue","0.00","0.00","0.00","0.00","0.00","0.00","0.00","","0.00","0.00","0.00","Niue","0.00","0.00","0.00","0.00","0.00","0.00","0.00","0.00","0.00","0.00"
"Northern Mariana Islands","0.00","0.00","0.00","0.00","0.03","0.00","0.00","","0.00","0.03","0.03","Northern Mariana Islands","0.00","0.00","213.95","0.00","0.02","0.00","0.00","0.00","0.00","213.97"
"Norway","1,786.41","2.07","1,233.67","0.00","0.00","0.00","0.00","","0.00","0.00","3,022.15","Norway","1,584.66","0.00","835.85","0.00","0.00","0.00","0.00","0.00","0.00","2,420.51"
"Oman","5,309.09","2.40","1,076.67","1.14","0.04","0.00","71.80","","0.00","72.98","6,461.15","Oman","2,842.04","0.00","1,044.79","1.12","0.04","0.00","98.31","0.00","0.00","3,986.30"
"Pakistan","5,250,449.18","259,142.96","202,507.87","17,918.63","1,416.22","28.09","0.00","","0.00","19,362.94","5,731,462.96","Pakistan","3,108,471.83","211,409.88","82,153.29","17,502.19","1,432.46","28.87","0.00","0.00","0.00","3,420,998.51"
"Palau","0.00","0.00","0.00","0.00","0.00","0.00","0.00","","0.00","0.00","0.00","Palau","0.00","0.00","0.00","0.00","0.00","0.00","0.00","0.00","0.00","0.00"
"Panama","16,254.24","805.87","44,187.32","111.85","0.06","0.00","0.00","","0.00","111.91","61,359.34","Panama","15,730.32","1,540.23","27,936.69","104.04","0.03","0.00","0.00","0.00","0.00","45,311.31"
"Papua New Guinea","261,679.04","126,552.95","96,328.24","5,167.64","8,700.49","0.00","0.00","","15,916.26","29,784.39","514,344.63","Papua New Guinea","52,801.19","110,894.95","41,052.17","4,764.93","8,933.08","0.00","0.00","0.00","17,662.22","218,446.33"
"Paraguay","26,258.37","6.71","26,365.86","189.63","349.21","5.95","0.00","","0.00","544.79","53,175.73","Paraguay","21,654.38","0.00","5,331.01","168.19","333.87","5.49","0.00","0.00","0.00","27,492.95"
"Peru","225,074.07","1,307.75","131,125.55","1,134.69","170.82","992.86","0.00","","0.00","2,298.36","359,805.74","Peru","172,057.44","1,911.74","17,230.96","995.33","151.64","899.33","0.00","0.00","0.00","193,246.44"
"Philippines","2,608,562.88","50,854.31","19,971.84","20,876.42","21,517.55","5,698.03","69,810.23","","55,576.08","173,478.31","2,852,867.35","Philippines","1,957,932.42","50,145.13","251,928.42","16,173.21","17,362.26","5,355.00","58,827.08","0.00","36,379.95","2,357,723.53"
"Poland","61,559.26","31.86","12,167.36","0.83","0.00","0.00","0.00","","0.00","0.83","73,759.30","Poland","53,217.25","0.00","7,489.53","0.62","0.00","0.00","0.00","0.00","0.00","60,707.39"
"Portugal","20,676.42","3.25","42,767.16","0.00","0.00","0.00","0.00","","0.00","0.00","63,446.83","Portugal","12,352.00","0.00","37,869.09","0.00","0.00","0.00","25.27","0.00","0.00","50,246.35"
"Puerto Rico","0.00","0.00","0.00","0.00","0.00","0.00","157.55","","0.00","157.55","157.55","Puerto Rico","0.00","0.00","12,920.52","0.00","0.00","0.00","130.93","0.00","0.00","13,051.44"
"Qatar","3,696.55","207.74","960.94","0.00","0.01","0.00","0.00","","0.00","0.01","4,865.24","Qatar","957.89","0.00","221.04","0.00","0.01","0.00","0.00","0.00","0.00","1,178.94"
"Republic of Korea","245,666.01","29.25","22,242.36","0.00","0.52","0.00","0.00","","12,680.19","12,680.70","280,618.32","Republic of Korea","184,038.61","102.60","0.00","0.00","0.45","0.00","0.00","0.00","0.00","184,141.66"
"Republic of Moldova","42,058.19","14.11","31,752.43","0.39","0.00","0.00","0.00","","0.00","0.39","73,825.12","Republic of Moldova","27,948.35","0.00","0.00","0.28","0.00","0.00","0.00","0.00","0.00","27,948.64"
"Romania","171,989.13","18.02","33,359.35","2.46","0.00","0.00","0.00","","0.00","2.46","205,368.95","Romania","84,774.44","0.00","7,650.67","1.76","0.00","0.00","0.00","0.00","0.00","92,426.87"
"Russia","1,929,282.07","447.09","2,384,348.57","0.00","0.00","0.00","0.00","","0.00","0.00","4,314,077.73","Russia","1,131,419.13","0.00","946,919.48","0.00","0.00","0.00","47.66","0.00","0.00","2,078,386.27"
"Rwanda","350,772.69","702,035.14","299,877.30","26,080.13","7,563.59","930.33","11,735.00","","0.00","46,309.04","1,398,994.18","Rwanda","313,266.20","333,953.45","301,981.52","4,323.81","4,310.73","682.68","10,402.15","0.00","0.00","968,920.55"
"Saint Kitts and Nevis","0.00","0.00","0.00","0.00","0.00","0.00","0.00","","0.00","0.00","0.00","Saint Kitts and Nevis","0.00","0.00","0.00","0.00","0.00","0.00","0.00","0.00","0.00","0.00"
"Saint Lucia","561.64","0.15","1,048.23","5.47","19.59","1.59","28.68","","0.00","55.33","1,665.35","Saint Lucia","383.16","0.00","491.10","5.19","17.60","1.50","28.87","0.00","0.00","927.41"
"Saint Vincent and the Grenadines","173.80","0.09","1,480.48","1.34","13.08","0.02","0.00","","0.00","14.44","1,668.80","Saint Vincent and the Grenadines","191.58","0.00","1,257.84","1.22","12.68","0.02","0.00","0.00","0.00","1,463.33"
"Samoa","677.68","6.23","0.00","1.91","3.88","0.00","0.00","","163.31","169.10","853.02","Samoa","574.74","0.00","279.44","1.56","3.35","0.00","0.00","0.00","98.49","859.09"
"San Marino","0.00","0.00","0.00","0.00","0.00","0.00","0.00","","0.00","0.00","0.00","San Marino","0.00","0.00","0.00","0.00","0.00","0.00","0.00","0.00","0.00","0.00"
"Sao Tome and Principe","1,114.15","8,177.66","2,553.41","112.71","41.32","35.81","201.24","","422.07","813.15","12,658.37","Sao Tome and Principe","1,158.15","6,707.50","1,549.59","68.76","38.79","29.39","182.87","0.00","463.62","9,735.04"
"Saudi Arabia","76,215.64","1,064.12","9,142.05","75.01","526.89","0.06","479.31","","0.00","1,081.26","87,503.07","Saudi Arabia","51,610.36","1,737.40","13,600.97","60.74","505.81","0.06","461.25","0.00","0.00","67,976.59"
"Senegal","296,995.97","705,910.98","122,962.61","1,367.14","492.16","60.22","45,091.23","","8,577.34","55,588.09","1,181,457.65","Senegal","280,829.41","554,927.25","128,441.68","1,110.60","520.55","66.63","32,089.71","0.00","10,424.90","997,985.83"
"Serbia","12,942.27","11.35","17,853.31","0.82","0.00","0.00","0.00","","0.00","0.82","30,807.75","Serbia","8,940.13","0.00","490.40","0.63","0.00","0.00","0.00","0.00","0.00","9,431.16"
"Seychelles","219.49","0.88","480.19","5.45","19.03","21.96","0.00","","0.00","46.43","746.99","Seychelles","190.45","0.00","439.33","3.86","16.60","25.38","0.00","0.00","0.00","675.62"
"Sierra Leone","216,314.86","1,594,184.56","136,348.74","11,443.97","3,563.40","392.37","5,703.43","","7,020.29","28,123.46","1,974,971.62","Sierra Leone","173,102.35","1,309,252.48","160,786.39","6,095.53","1,730.17","221.18","3,500.66","19,560.99","6,177.43","1,674,249.74"
"Singapore","6,933.02","0.67","3,107.24","0.00","0.00","0.00","0.00","","0.00","0.00","10,040.92","Singapore","4,474.23","0.00","2,419.86","0.00","0.00","0.00","0.00","0.00","0.00","6,894.09"
"Sint Maarten (Dutch part)","0.00","0.00","0.00","0.00","0.00","0.00","0.00","","0.00","0.00","0.00","Sint Maarten (Dutch part)","0.00","0.00","0.00","0.00","0.00","0.00","0.00","0.00","0.00","0.00"
"Slovakia","4,607.51","4.37","396.16","0.28","0.00","0.00","0.00","","0.00","0.28","5,008.31","Slovakia","2,953.67","0.00","176.10","0.24","0.00","0.00","0.00","0.00","0.00","3,130.01"
"Slovenia","1,638.11","1.62","547.18","0.00","0.00","0.00","0.00","","0.00","0.00","2,186.90","Slovenia","1,147.93","0.00","91.16","0.00","0.00","0.00","0.00","0.00","0.00","1,239.09"
"Solomon Islands","13,833.03","6,619.64","0.00","39.54","348.30","47.73","0.00","","0.00","435.57","20,888.23","Solomon Islands","8,237.89","3,078.92","807.79","32.65","308.73","45.67","0.00","0.00","0.00","12,511.65"
"Somalia","566,966.65","1,028,946.13","266,964.86","2,630.35","3,998.80","1,291.29","19,970.75","","0.00","27,891.18","1,890,768.82","Somalia","659,347.87","507,457.99","128,050.35","2,551.92","3,946.59","1,372.17","20,235.36","0.00","0.00","1,322,962.24"
"South Africa","1,648,227.98","21,723.92","12,066,713.66","2,518.89","12,964.58","9,283.94","46,196.50","","0.00","70,963.91","13,807,629.47","South Africa","1,760,028.37","27,582.82","14,461,726.93","1,970.02","13,482.59","9,297.73","45,177.87","0.00","0.00","16,319,266.33"
"South Sudan","240,704.05","393,571.76","551,492.71","7,659.26","1,423.15","4.17","16,228.15","","2,485.45","27,800.18","1,213,568.69","South Sudan","195,514.65","305,812.27","663,325.29","7,188.79","1,552.10","4.68","18,721.04","83,529.06","2,652.67","1,275,647.89"
"Spain","41,008.24","12.04","56,770.30","0.00","0.00","0.00","0.00","","0.00","0.00","97,790.58","Spain","24,026.54","0.00","56,877.40","0.00","0.00","0.00","0.00","0.00","0.00","80,903.94"
"Sri Lanka","117,550.39","2,523.45","9,919.30","368.87","874.86","142.53","0.00","","8,991.06","10,377.32","140,370.46","Sri Lanka","88,991.32","900.00","3,870.64","319.70","826.41","140.25","0.00","0.00","4,078.55","95,048.32"
"Sudan","581,754.11","3,038,353.82","898,185.43","1,591.85","3,957.42","12.89","21,760.48","","2,341.81","29,664.45","4,547,957.81","Sudan","192,958.87","439,674.65","165,050.08","1,390.19","3,965.14","13.42","19,564.25","0.00","2,551.14","822,616.61"
"Suriname","1,022.00","571.26","16,695.91","6.31","32.34","0.00","481.89","","0.00","520.54","18,809.71","Suriname","1,298.22","117.89","4,233.59","5.08","26.16","0.00","499.40","0.00","0.00","6,180.34"
"Swaziland","53,649.70","1,017.01","389,032.55","207.65","925.91","351.71","968.02","","0.00","2,453.29","446,152.55","Swaziland","105,742.97","15,161.60","379,211.60","163.06","1,185.90","364.38","918.65","0.00","0.00","502,748.17"
"Sweden","1,081.49","0.00","1,946.64","0.00","0.00","0.00","0.00","","0.00","0.00","3,028.13","Sweden","3,170.31","0.00","1,705.12","0.00","0.00","0.00","0.00","0.00","0.00","4,875.43"
"Switzerland","610.31","0.00","6,779.52","0.00","0.00","0.00","0.00","","0.00","0.00","7,389.83","Switzerland","2,542.27","0.00","3,360.75","0.00","0.00","0.00","0.00","0.00","0.00","5,903.03"
"Syrian Arab Republic","53,235.79","0.00","4,022.46","1,054.60","265.93","15.06","2,903.13","","0.00","4,238.72","61,496.97","Syrian Arab Republic","8,302.90","800.00","0.00","994.85","253.74","13.59","2,647.70","0.00","0.00","13,012.78"
"Tajikistan","78,621.07","819.89","29,224.81","64.05","0.05","0.00","0.00","","0.00","64.11","108,729.88","Tajikistan","69,966.27","1,196.61","5,274.90","67.77","0.13","0.00","0.00","0.00","0.00","76,505.68"
"Tanzania","1,030,101.83","7,681,939.19","5,097,139.31","24,581.02","18,925.22","1,290.56","164,061.38","","44,808.03","253,666.21","14,062,846.54","Tanzania","1,722,955.11","3,117,028.98","3,761,143.56","20,327.33","20,364.77","1,418.45","130,143.61","17,379.38","41,158.67","8,790,761.20"
"Thailand","641,817.77","25,168.85","1,226,987.25","482.33","5,598.78","11.62","0.00","","69.72","6,162.44","1,900,136.31","Thailand","410,741.81","17,537.75","634,818.04","350.96","5,026.40","10.76","0.00","0.00","65.49","1,068,485.71"
"The Former Yugoslav Republic of Macedonia","4,934.37","1.82","2,404.73","0.23","0.00","0.00","0.00","","0.00","0.23","7,341.15","The Former Yugoslav Republic of Macedonia","2,768.33","0.00","0.00","0.27","0.00","0.00","0.00","0.00","0.00","2,768.60"
"Timor-Leste","0.00","0.00","0.00","183.52","69.22","8.40","0.00","","3,626.47","3,887.62","3,887.62","Timor-Leste","10,524.25","53,324.71","7,341.87","148.48","71.31","8.96","0.00","0.00","3,622.12","71,419.58"
"Togo","262,470.88","475,520.61","304,080.61","2,028.70","358.88","0.15","32,856.59","","768.26","36,012.56","1,078,084.66","Togo","101,102.55","564,113.27","330,566.30","1,655.77","377.04","0.16","13,183.50","147.74","801.35","1,011,146.33"
"Tokelau","0.00","0.00","0.00","0.00","0.00","0.00","0.00","","0.00","0.00","0.00","Tokelau","0.00","0.00","0.00","0.00","0.00","0.00","0.00","0.00","0.00","0.00"
"Tonga","419.15","3.48","0.00","0.77","6.47","0.11","0.00","","55.72","63.07","485.70","Tonga","191.58","0.00","153.75","0.63","6.29","0.11","0.00","0.00","57.33","352.36"
"Trinidad and Tobago","2,048.17","1.84","30,440.72","3.07","5.18","0.04","0.00","","0.00","8.29","32,499.02","Trinidad and Tobago","2,599.81","0.00","11,095.11","2.74","4.61","0.04","0.00","0.00","0.00","13,702.30"
"Tunisia","25,140.54","2.71","32,245.39","32.80","0.22","0.55","576.62","","0.00","610.18","57,998.82","Tunisia","10,308.52","0.00","3,312.51","30.61","0.21","0.52","600.21","0.00","0.00","14,252.58"
"Turkey","221,876.78","70.70","6,838.71","160.62","1.49","17.85","446.83","","0.00","626.79","229,412.98","Turkey","85,501.90","837.63","8,234.42","138.26","1.01","17.95","468.82","0.00","0.00","95,199.99"
"Turkmenistan","67,131.84","1.59","22,893.37","23.92","0.11","0.00","0.00","","0.00","24.03","90,050.82","Turkmenistan","52,657.82","0.00","11,683.36","18.75","0.10","0.00","0.00","0.00","0.00","64,360.03"
"Turks and Caicos Islands","0.00","0.00","0.00","0.00","0.00","0.00","0.00","","0.00","0.00","0.00","Turks and Caicos Islands","0.00","0.00","0.00","0.00","0.00","0.00","0.00","0.00","0.00","0.00"
"Tuvalu","0.00","0.00","0.00","0.00","0.00","0.00","0.00","","0.00","0.00","0.00","Tuvalu","0.00","0.00","0.00","0.00","0.00","0.00","0.00","0.00","0.00","0.00"
"Uganda","1,509,879.98","5,799,033.48","3,164,663.82","11,787.13","7,734.53","145.51","124,976.83","","19,248.43","163,892.43","10,637,469.71","Uganda","1,324,790.46","3,185,402.36","3,110,932.31","11,846.89","6,649.16","130.63","107,285.41","21,450.47","16,061.96","7,768,487.68"
"Ukraine","570,349.50","195.69","1,061,908.94","0.00","0.00","0.00","0.00","","0.00","0.00","1,632,454.13","Ukraine","374,801.25","0.00","393,688.70","0.00","0.00","0.00","0.00","0.00","0.00","768,489.95"
"United Arab Emirates","5,144.08","12.71","12,240.43","0.70","0.08","0.00","0.00","","0.00","0.78","17,398.00","United Arab Emirates","4,955.01","100.00","4,698.47","0.69","0.09","0.00","0.00","0.00","0.00","9,754.26"
"United Kingdom of Great Britain and Northern Ireland","38,394.58","17.93","22,292.47","0.00","0.00","0.00","0.00","","0.00","0.00","60,704.98","United Kingdom of Great Britain and Northern Ireland","24,195.37","0.00","0.00","0.00","0.00","0.00","0.00","0.00","0.00","24,195.37"
"United States","81,484.25","817.95","591,229.51","0.00","0.00","0.00","0.00","","0.00","0.00","673,531.70","United States","59,080.85","0.00","423,726.22","0.00","0.00","0.00","0.00","0.00","0.00","482,807.07"
"Uruguay","5,257.25","0.93","9,527.96","0.76","0.00","0.00","0.00","","0.00","0.76","14,786.90","Uruguay","3,566.25","0.00","9,575.98","0.63","0.00","0.00","0.00","0.00","0.00","13,142.87"
"US Virgin Islands","0.00","0.00","0.00","0.00","0.00","0.00","0.00","","0.00","0.00","0.00","US Virgin Islands","0.00","0.00","0.00","0.00","0.00","0.00","0.00","0.00","0.00","0.00"
"Uzbekistan","296,254.77","43.93","79,476.60","8.79","0.36","0.00","0.00","","0.00","9.15","375,784.44","Uzbekistan","241,291.65","100.00","31,859.90","7.06","0.35","0.00","0.00","0.00","0.00","273,258.97"
"Vanuatu","4,477.70","501.18","0.00","126.47","143.35","17.23","0.00","","216.23","503.29","5,482.17","Vanuatu","2,873.68","1,367.48","434.00","91.95","125.79","16.73","0.00","0.00","92.10","4,909.64"
"Venezuela","67,611.53","1,049.59","280,952.26","3,180.81","1,539.64","3,960.83","4,927.46","","0.00","13,608.74","363,222.12","Venezuela","48,653.87","9,069.42","108,753.20","2,745.89","1,394.58","3,397.67","5,074.13","861.95","0.00","179,950.72"
"Viet Nam","985,770.75","64,727.70","663,467.68","5,394.90","6,634.97","795.59","0.00","","1,389.13","14,214.59","1,728,180.72","Viet Nam","698,334.75","20,084.16","0.00","3,840.65","4,062.36","577.07","0.00","0.00","1,432.07","726,898.99"
"Wallis and Futuna Islands","0.00","0.00","0.00","0.00","0.00","0.00","0.00","","0.00","0.00","0.00","Wallis and Futuna Islands","0.00","0.00","0.00","0.00","0.00","0.00","0.00","0.00","0.00","0.00"
"West Bank and Gaza Strip","0.00","0.00","0.00","0.00","0.00","0.00","0.00","","0.00","0.00","0.00","West Bank and Gaza Strip","0.00","0.00","0.00","0.00","0.00","0.00","0.00","0.00","0.00","0.00"
"Yemen","414,201.75","363,859.86","8,210.10","1,807.64","524.96","19.01","18,403.38","","51.06","20,806.07","807,077.77","Yemen","195,467.02","373,079.02","8,465.35","1,869.38","528.43","20.22","10,191.79","0.00","48.56","589,621.20"
"Zambia","492,791.63","1,799,198.29","1,858,488.44","5,028.77","6,986.77","21.46","30,006.68","","4,527.77","46,571.45","4,197,049.81","Zambia","779,147.62","1,338,106.87","2,127,425.03","3,992.07","7,427.06","22.71","29,128.63","0.00","4,682.56","4,285,249.98"
"Zimbabwe","618,767.66","289,111.44","2,480,195.97","1,266.63","5,424.55","2,385.49","26,083.21","","58.98","35,218.86","3,423,293.92","Zimbabwe","709,421.71","196,766.23","2,742,206.89","1,000.83","5,713.00","2,534.10","19,070.34","0.00","63.95","3,676,713.11"
