"","2010","","","","","","","","","","","2015","","","","","","","","",""
"Country","TB","Malaria ","HIV","RoundWorm","HookWorm","WhipWorm","Schistosomiasis","Onchocerciasis","LF","Total","Country","TB","Malaria ","HIV","RoundWorm","HookWorm","WhipWorm","Schistosomiasis","Onchocerciasis","LF","Total"
"Sum","103,250,127.64","134,422,768.33","85,818,380.20","1,094,508.31","  474,664.35 ","  109,507.00 ","  2,579,472.93 ","N/A - No model","  1,732,635.42 ","329,482,064.18","Sum","76,261,545.58","78,948,265.27","67,509,388.00","1,051,386.93","464,008.26","109,689.68","2,020,817.18","995,761.15","1,233,742.08","228,594,604.13"
"Afghanistan","971,911.13","246,339.27","24,069.09","  12,940.67 ","  227.23 ","  213.53 ","  -   ","","  -   ","1,255,700.92","Afghanistan","377,366.47","311,410.68","10,846.11","15,161.43","266.75","238.25","0.00","2,790.64","0.00","718,080.33"
"Albania","5,227.81","3.62","2,038.61","  1.56 ","  -   ","  -   ","  -   ","","  -   ","7,271.59","Albania","716.65","0.00","98.50","0.97","0.00","0.00","0.00","0.00","0.00","816.12"
"Algeria","202,547.44","12.60","51,642.56","  157.11 ","  0.38 ","  1.57 ","  5,615.93 ","","  -   ","259,977.61","Algeria","110,119.63","242.21","12,296.77","140.46","0.43","1.58","5,620.39","0.00","0.00","128,421.47"
"American Samoa","0.00","0.00","0.00","  -   ","  -   ","  -   ","  -   ","","  121.68 ","121.68","American Samoa","56.73","0.83","28.73","0.00","0.00","0.00","0.00","0.00","141.12","227.42"
"Andorra","60.40","0.06","0.00","  -   ","  -   ","  -   ","  -   ","","  -   ","60.46","Andorra","17.20","0.00","84.06","0.00","0.00","0.00","0.00","0.00","0.00","101.26"
"Angola","524,757.47","5,911.28","711,773.20","  13,881.11 ","  5,387.66 ","  672.17 ","  28,952.22 ","","  21,679.42 ","1,313,014.53","Angola","586,517.74","1,525,712.74","652,935.65","6,997.93","6,115.16","798.49","27,581.95","6,916.41","26,015.12","2,839,591.17"
"Anguilla","0.00","0.00","0.00","  -   ","  -   ","  -   ","  -   ","","  -   ","0.00","Anguilla","0.00","0.00","0.00","0.00","0.00","0.00","0.00","1.25","0.00","1.25"
"Antigua and Barbuda","62.99","0.07","410.00","  0.05 ","  0.00 ","  -   ","  19.50 ","","  -   ","492.61","Antigua and Barbuda","46.93","0.00","417.05","0.05","0.00","0.00","21.36","0.00","0.00","485.39"
"Argentina","66,142.56","38.77","91,482.58","  203.11 ","  733.32 ","  1.44 ","  -   ","","  -   ","158,601.78","Argentina","37,559.67","216.76","92,639.78","188.20","728.15","1.42","0.00","0.00","0.00","131,333.97"
"Armenia","14,640.33","1.00","6,795.21","  1.22 ","  0.08 ","  -   ","  -   ","","  -   ","21,437.83","Armenia","7,822.68","0.00","799.83","0.93","0.07","0.00","0.00","0.00","0.00","8,623.51"
"Aruba","0.00","0.00","0.00","  -   ","  -   ","  -   ","  -   ","","  -   ","0.00","Aruba","0.00","0.00","0.00","0.00","0.00","0.00","0.00","0.00","0.00","0.00"
"Australia","5,317.79","80.38","8,231.23","  -   ","  -   ","  -   ","  -   ","","  -   ","13,629.40","Australia","2,481.32","0.00","4,951.85","0.00","0.00","0.00","0.00","0.00","0.00","7,433.17"
"Austria","4,021.01","2.24","3,846.19","  -   ","  -   ","  -   ","  -   ","","  -   ","7,869.43","Austria","2,085.59","0.00","2,459.37","0.00","0.00","0.00","0.00","0.00","0.00","4,544.96"
"Azerbaijan","74,602.31","12.26","8,138.17","  29.04 ","  0.09 ","  -   ","  -   ","","  -   ","82,781.86","Azerbaijan","60,557.77","72.21","5,123.19","16.15","0.10","0.00","0.00","0.00","0.00","65,769.41"
"Bahamas","496.51","0.50","0.00","  0.15 ","  0.00 ","  -   ","  -   ","","  -   ","497.16","Bahamas","449.17","0.00","0.00","0.14","0.00","0.00","0.00","0.00","0.00","449.32"
"Bahrain","2,353.34","0.60","3,598.91","  -   ","  0.01 ","  -   ","  -   ","","  -   ","5,952.86","Bahrain","898.16","0.00","1,157.54","0.00","0.01","0.00","0.00","0.00","0.00","2,055.71"
"Bangladesh","2,391,793.15","201,174.95","12,305.62","  62,667.19 ","  39,713.58 ","  11,055.45 ","  -   ","","  126,731.86 ","2,845,441.81","Bangladesh","1,258,921.35","166,237.40","14,997.95","132,769.52","41,668.50","13,681.63","0.00","0.00","7,655.22","1,635,931.57"
"Barbados","156.60","0.31","2,069.16","  -   ","  0.00 ","  -   ","  -   ","","  -   ","2,226.07","Barbados","78.81","0.00","1,214.21","0.00","0.00","0.00","0.00","0.00","0.00","1,293.02"
"Belarus","57,324.06","25.42","13,724.25","  -   ","  -   ","  -   ","  -   ","","  -   ","71,073.73","Belarus","29,202.07","0.00","26,088.96","0.00","0.00","0.00","0.00","0.00","0.00","55,291.02"
"Belgium","6,471.34","4.52","5,291.82","  -   ","  -   ","  -   ","  -   ","","  -   ","11,767.69","Belgium","2,829.87","0.00","2,967.75","0.00","0.00","0.00","0.00","0.00","0.00","5,797.62"
"Belize","1,107.53","109.62","9,961.98","  12.16 ","  8.74 ","  0.10 ","  -   ","","  -   ","11,200.14","Belize","1,073.03","8.71","4,962.91","9.25","3.95","0.06","0.00","0.00","0.00","6,057.91"
"Benin","175,295.84","2,105,858.44","154,766.30","  3,214.19 ","  660.14 ","  0.45 ","  44,443.19 ","","  8,723.25 ","2,492,961.79","Benin","199,239.37","877,378.45","139,841.37","2,577.39","735.50","0.50","39,477.25","474.48","5,887.51","1,265,611.83"
"Bermuda","0.00","0.00","0.00","  -   ","  0.00 ","  -   ","  -   ","","  -   ","0.00","Bermuda","6.80","0.32","426.69","0.00","0.00","0.00","0.00","0.01","0.00","433.82"
"Bhutan","10,820.73","817.85","1,782.51","  79.53 ","  8.65 ","  0.29 ","  -   ","","  -   ","13,509.55","Bhutan","11,211.26","1,765.37","929.69","36.54","8.23","0.27","0.00","0.00","0.00","13,951.36"
"Bolivia","137,292.45","1,652.47","63,298.61","  633.18 ","  1,756.42 ","  34.52 ","  -   ","","  -   ","204,667.64","Bolivia","52,326.22","282.02","4,555.08","403.21","1,738.41","35.64","0.00","0.00","0.00","59,340.58"
"Bonaire, Saint Eustatius and Saba","0.00","0.00","0.00","  -   ","  -   ","  -   ","  -   ","","  -   ","0.00","Bonaire, Saint Eustatius and Saba","0.00","0.00","0.00","0.00","0.00","0.00","0.00","0.00","0.00","0.00"
"Bosnia and Herzegovina","13,158.24","3.59","2,392.33","  -   ","  -   ","  -   ","  -   ","","  -   ","15,554.16","Bosnia and Herzegovina","6,005.25","0.00","140.67","0.00","0.00","0.00","0.00","0.00","0.00","6,145.92"
"Botswana","37,911.88","15,603.75","241,276.27","  20.87 ","  477.99 ","  95.55 ","  2,934.93 ","","  -   ","298,321.24","Botswana","129,036.91","3,602.42","465,055.33","16.80","482.54","99.10","3,718.29","0.00","0.00","602,011.39"
"Brazil","598,862.35","15,441.84","1,019,780.81","  7,233.14 ","  8,169.70 ","  2,550.35 ","  130,174.17 ","","  218.14 ","1,782,430.50","Brazil","386,929.08","9,698.53","1,056,445.68","6,464.55","7,328.54","2,392.95","107,354.16","22.17","15.30","1,576,650.96"
"British Virgin Islands","0.00","0.00","0.00","  -   ","  -   ","  -   ","  -   ","","  -   ","0.00","British Virgin Islands","28.57","0.00","0.00","0.00","0.00","0.00","0.00","0.00","0.00","28.57"
"Brunei Darussalam","1,290.13","0.09","218.10","  0.24 ","  -   ","  -   ","  -   ","","  37.82 ","1,546.37","Brunei Darussalam","724.59","6.00","0.00","0.23","0.00","0.00","0.00","0.00","0.00","730.82"
"Bulgaria","19,954.83","6.02","9,669.64","  -   ","  -   ","  -   ","  -   ","","  -   ","29,630.48","Bulgaria","5,756.21","0.00","2,598.95","0.00","0.00","0.00","0.00","0.00","0.00","8,355.16"
"Burkina Faso","371,895.05","5,069,997.95","371,597.06","  6,753.38 ","  1,321.85 ","  0.22 ","  46,426.08 ","","  32,381.39 ","5,900,372.98","Burkina Faso","465,248.29","3,055,258.25","190,187.55","5,973.60","1,398.84","0.23","13,732.39","0.00","13,715.62","3,745,514.76"
"Burundi","836,517.96","1,190,933.60","566,036.45","  3,166.15 ","  3,822.89 ","  183.32 ","  21,184.61 ","","  -   ","2,621,844.97","Burundi","397,404.78","472,734.85","223,756.50","3,478.41","3,637.23","173.45","14,220.89","10,860.31","0.00","1,126,266.43"
"Cambodia","405,360.20","109,004.81","86,290.55","  418.02 ","  193.04 ","  -   ","  35,700.61 ","","  454.22 ","637,421.43","Cambodia","207,758.23","80,181.29","142,386.79","175.72","35.06","0.00","8,822.70","10.87","1,245.34","440,616.00"
"Cameroon","334,160.28","3,519,956.25","1,707,691.27","  219,824.60 ","  5,441.11 ","  2,617.39 ","  57,566.40 ","","  30,691.15 ","5,877,948.46","Cameroon","241,574.77","2,007,457.78","1,962,890.79","20,966.76","3,404.07","1,506.69","36,778.36","78,728.29","24,433.17","4,377,740.68"
"Canada","9,427.47","115.87","33,172.09","  -   ","  -   ","  -   ","  -   ","","  -   ","42,715.43","Canada","4,294.14","0.00","16,515.62","0.00","0.00","0.00","0.00","152.93","0.00","20,962.69"
"Cape Verde","3,172.94","4,643.77","5,964.21","  0.64 ","  1.00 ","  0.00 ","  -   ","","  -   ","13,782.57","Cape Verde","1,471.96","0.00","5,138.51","0.37","0.81","0.00","0.00","0.00","0.00","6,611.66"
"Cayman Islands","0.00","0.00","0.00","  -   ","  -   ","  -   ","  -   ","","  -   ","0.00","Cayman Islands","0.00","0.00","0.00","0.00","0.00","0.00","0.00","0.00","0.00","0.00"
"Central African Republic","319,525.99","757,572.80","509,405.72","  6,695.56 ","  2,210.69 ","  39.11 ","  4,657.86 ","","  9,366.13 ","1,609,473.86","Central African Republic","296,092.59","540,080.70","443,104.02","6,181.54","2,330.83","41.22","4,112.03","21,207.75","10,261.59","1,323,412.27"
"Chad","377,528.46","1,555,816.82","519,001.10","  6,257.48 ","  4,191.14 ","  0.22 ","  27,040.55 ","","  12,242.84 ","2,502,078.61","Chad","302,187.17","1,096,595.44","517,780.53","5,990.10","5,076.74","0.25","34,407.37","11,733.69","14,737.80","1,988,509.10"
"Chile","32,962.27","5.07","32,178.17","  318.15 ","  0.16 ","  11.89 ","  -   ","","  -   ","65,475.71","Chile","21,737.94","0.00","22,379.81","307.59","0.10","11.21","0.00","4.48","0.00","44,441.13"
"China","3,670,429.36","12,290.16","1,807,612.53","  9,505.75 ","  34,728.69 ","  2,068.43 ","  48,561.28 ","","  -   ","5,585,196.21","China","3,493,360.12","12,279.59","1,956,683.12","6,527.34","29,513.24","1,900.39","24,057.89","0.00","0.00","5,524,321.69"
"China, Hong Kong SAR","0.00","0.00","0.00","  -   ","  -   ","  -   ","  -   ","","  -   ","0.00","China, Hong Kong SAR","0.00","0.00","0.00","0.00","0.00","0.00","0.00","0.00","0.00","0.00"
"China, Macao SAR","0.00","0.00","0.00","  -   ","  -   ","  -   ","  -   ","","  -   ","0.00","China, Macao SAR","0.00","0.00","0.00","0.00","0.00","0.00","0.00","0.00","0.00","0.00"
"Colombia","113,127.61","4,280.75","481,796.02","  8,948.44 ","  6,289.68 ","  4,323.06 ","  -   ","","  -   ","618,765.57","Colombia","51,165.49","3,995.51","149,275.41","6,229.72","5,097.07","1,830.30","0.00","0.00","0.00","217,593.48"
"Comoros","21,589.08","51,431.73","14.41","  364.26 ","  244.28 ","  176.09 ","  -   ","","  1,069.96 ","74,889.81","Comoros","15,727.66","4,373.89","1,019.56","224.55","260.19","247.45","0.00","0.00","1,141.63","22,994.93"
"Congo","117,862.05","433,931.35","268,259.56","  2,627.97 ","  1,289.81 ","  759.38 ","  11,189.29 ","","  7,865.25 ","843,784.66","Congo","64,568.64","238,988.50","274,305.60","3,964.85","1,545.22","955.21","10,738.00","1,475.19","3,772.94","600,314.15"
"Cook Islands","0.00","0.00","0.00","  -   ","  -   ","  -   ","  -   ","","  -   ","0.00","Cook Islands","0.00","0.00","0.00","0.00","0.00","0.00","0.00","0.42","0.00","0.42"
"Costa Rica","5,764.89","2.98","8,911.12","  191.83 ","  313.82 ","  24.41 ","  -   ","","  -   ","15,209.05","Costa Rica","2,584.09","19.73","7,488.27","174.67","324.51","23.08","0.00","0.00","0.00","10,614.35"
"C??te d'Ivoire","525,963.68","3,335,139.83","1,396,911.38","  8,394.07 ","  6,287.90 ","  307.09 ","  89,156.60 ","","  29,068.25 ","5,391,228.81","C??te d'Ivoire","373,921.95","2,782,896.15","0.00","9,605.24","6,646.48","336.90","72,526.26","0.00","33,086.38","3,279,019.37"
"Croatia","7,162.03","3.51","993.74","  -   ","  -   ","  -   ","  -   ","","  -   ","8,159.27","Croatia","2,692.81","0.00","297.40","0.00","0.00","0.00","0.00","0.00","0.00","2,990.20"
"Cuba","7,649.56","8.48","21,902.92","  615.36 ","  906.10 ","  24.32 ","  -   ","","  -   ","31,106.74","Cuba","2,086.91","0.00","16,359.03","575.51","876.12","22.90","0.00","0.00","0.00","19,920.47"
"Cura????ao","0.00","0.00","0.00","  -   ","  -   ","  -   ","  -   ","","  -   ","0.00","Cura????ao","0.00","0.00","0.00","0.00","0.00","0.00","0.00","0.00","0.00","0.00"
"Cyprus","244.00","0.35","588.48","  -   ","  -   ","  -   ","  -   ","","  -   ","832.83","Cyprus","156.07","0.00","159.93","0.00","0.00","0.00","0.00","0.00","0.00","316.00"
"Czech Republic","6,599.44","9.36","982.18","  -   ","  -   ","  -   ","  -   ","","  -   ","7,590.98","Czech Republic","2,260.76","0.00","704.50","0.00","0.00","0.00","0.00","0.00","0.00","2,965.27"
"Democratic People's Republic of Korea","367,445.34","33.52","9,291.26","  824.02 ","  0.31 ","  0.00 ","  -   ","","  -   ","377,594.45","Democratic People's Republic of Korea","128,992.46","0.00","0.00","599.15","0.31","0.00","0.00","0.00","0.00","129,591.92"
"Democratic Republic of the Congo","3,730,361.07","12,426,837.43","2,802,918.31","  70,591.47 ","  21,981.50 ","  4,020.57 ","  190,912.35 ","","  23,392.40 ","19,271,015.10","Democratic Republic of the Congo","2,542,715.95","6,979,604.26","2,094,815.44","265,246.67","29,984.24","5,303.73","196,767.08","475,864.95","25,408.73","12,615,711.05"
"Denmark","2,453.30","1.70","2,861.67","  -   ","  -   ","  -   ","  -   ","","  -   ","5,316.67","Denmark","1,171.67","0.00","1,596.09","0.00","0.00","0.00","0.00","2,565.70","0.00","5,333.47"
"Djibouti","23,198.15","12,419.66","53,598.75","  54.31 ","  45.99 ","  62.86 ","  414.08 ","","  -   ","89,793.80","Djibouti","20,457.56","256.99","21,142.82","36.45","40.35","63.38","372.41","0.00","0.00","42,369.96"
"Dominica","154.16","0.06","388.12","  0.13 ","  0.01 ","  -   ","  -   ","","  -   ","542.48","Dominica","192.57","0.00","308.32","0.11","0.01","0.00","0.00","0.00","0.00","501.00"
"Dominican Republic","43,915.87","760.80","106,287.63","  24.28 ","  0.19 ","  -   ","  1,264.22 ","","  409.83 ","152,662.82","Dominican Republic","35,346.69","409.22","98,193.53","19.00","0.14","0.00","1,311.97","0.00","126.91","135,407.47"
"Ecuador","80,742.68","1,699.77","83,500.91","  2,328.78 ","  372.67 ","  1,516.62 ","  -   ","","  -   ","170,161.43","Ecuador","54,736.89","1,135.69","37,732.11","2,045.97","255.10","1,418.56","0.00","0.00","0.00","97,324.32"
"Egypt","175,712.22","24.80","21,029.30","  430.60 ","  1,662.96 ","  1.20 ","  200,561.91 ","","  516.67 ","399,939.66","Egypt","61,486.00","590.54","11,468.03","412.45","1,728.35","1.27","43,921.26","0.00","530.64","120,138.53"
"El Salvador","10,998.65","6.96","31,832.21","  55.61 ","  313.94 ","  12.61 ","  -   ","","  -   ","43,219.98","El Salvador","6,141.60","59.99","27,119.92","33.81","118.34","6.00","0.00","0.00","0.00","33,479.66"
"Equatorial Guinea","12,723.65","83,099.04","68,064.13","  595.47 ","  179.48 ","  147.58 ","  567.82 ","","  1,123.62 ","166,500.79","Equatorial Guinea","9,990.52","93,679.82","45,635.62","889.05","206.28","184.13","633.33","1,315.43","1,207.41","153,741.59"
"Eritrea","232,667.07","211,107.27","93,361.48","  673.32 ","  112.91 ","  34.04 ","  4,381.41 ","","  165.94 ","542,503.44","Eritrea","173,112.58","30,686.08","52,139.24","501.76","117.12","38.51","4,173.12","1.54","190.79","260,960.74"
"Estonia","3,692.67","4.33","13,432.94","  0.02 ","  -   ","  -   ","  -   ","","  -   ","17,129.96","Estonia","1,734.18","0.00","1,867.79","0.01","0.00","0.00","0.00","0.00","0.00","3,601.98"
"Ethiopia","3,907,205.59","2,908,331.79","1,429,163.57","  29,160.58 ","  14,732.71 ","  4,618.16 ","  222,618.47 ","","  1,086.30 ","8,516,917.18","Ethiopia","3,386,652.65","223,033.44","1,649,245.97","16,941.28","14,800.46","4,966.08","228,299.74","25,148.53","1,168.21","5,550,256.37"
"Fiji","3,984.27","27.30","1,244.20","  151.04 ","  287.21 ","  20.62 ","  -   ","","  1,224.44 ","6,939.09","Fiji","2,367.52","0.00","1,288.26","125.11","248.02","20.86","0.00","3.27","107.29","4,160.33"
"Finland","2,802.19","1.69","1,224.50","  -   ","  -   ","  -   ","  -   ","","  -   ","4,028.37","Finland","1,594.78","0.00","395.10","0.00","0.00","0.00","0.00","0.00","0.00","1,989.88"
"France","46,807.92","18.00","48,931.28","  -   ","  -   ","  -   ","  12.86 ","","  -   ","95,770.07","France","24,791.34","0.00","26,183.84","0.00","0.00","0.00","0.00","0.00","0.00","50,975.17"
"French Polynesia","0.00","0.00","0.00","  -   ","  -   ","  -   ","  -   ","","  -   ","0.00","French Polynesia","0.00","0.00","0.00","0.00","0.00","0.00","0.00","0.00","0.00","0.00"
"Gabon","27,281.07","109,318.13","118,619.79","  1,275.12 ","  403.81 ","  376.53 ","  3,185.38 ","","  1,205.55 ","261,665.39","Gabon","15,430.55","51,896.17","63,545.14","1,373.59","456.82","496.96","3,546.52","0.00","1,392.27","138,138.02"
"Gambia","32,024.47","109,537.41","49,212.35","  160.01 ","  103.46 ","  0.18 ","  5,764.29 ","","  2,144.58 ","198,946.75","Gambia","21,632.00","16,741.05","0.00","115.86","117.03","0.21","7,154.35","0.00","2,245.69","48,006.18"
"Georgia","29,888.50","5.70","6,471.28","  0.00 ","  0.04 ","  -   ","  -   ","","  -   ","36,365.53","Georgia","15,354.94","0.00","1,762.50","0.00","0.02","0.00","0.00","0.00","0.00","17,117.46"
"Germany","33,309.62","27.25","29,296.12","  -   ","  -   ","  -   ","  -   ","","  -   ","62,632.98","Germany","13,994.08","0.00","21,436.78","0.00","0.00","0.00","0.00","0.00","0.00","35,430.85"
"Ghana","309,937.85","2,469,483.00","957,058.74","  2,895.57 ","  1,243.12 ","  2.92 ","  52,187.32 ","","  21,501.54 ","3,814,310.07","Ghana","286,770.10","1,282,048.67","624,132.54","2,041.57","1,315.35","3.26","36,744.60","0.00","4,751.33","2,237,807.42"
"Greece","5,739.96","4.30","26,674.35","  -   ","  -   ","  -   ","  -   ","","  -   ","32,418.61","Greece","4,775.83","0.00","934.74","0.00","0.00","0.00","0.00","0.00","0.00","5,710.57"
"Greenland","129.59","0.00","85.58","  -   ","  -   ","  -   ","  -   ","","  -   ","215.17","Greenland","0.00","0.00","89.53","0.00","0.00","0.00","0.00","0.00","0.00","89.53"
"Grenada","181.54","0.09","718.41","  1.26 ","  15.43 ","  0.02 ","  -   ","","  -   ","916.75","Grenada","93.26","0.00","697.06","1.22","14.27","0.02","0.00","0.00","0.00","805.83"
"Guam","0.00","0.00","0.00","  0.88 ","  0.02 ","  -   ","  -   ","","  -   ","0.90","Guam","256.58","3.94","207.02","0.85","0.02","0.00","0.00","0.00","0.00","468.40"
"Guatemala","96,741.05","2,933.74","98,583.86","  2,141.97 ","  6,243.79 ","  1,195.70 ","  -   ","","  -   ","207,840.11","Guatemala","24,270.31","1,666.02","39,277.86","1,462.40","4,222.19","947.24","0.00","0.00","0.00","71,846.02"
"Guinea","296,640.97","2,042,353.91","220,683.12","  12,000.58 ","  4,138.20 ","  104.24 ","  34,871.72 ","","  11,766.04 ","2,622,558.79","Guinea","261,801.20","1,704,254.91","285,439.56","9,740.31","4,548.57","116.55","38,867.48","0.00","13,055.68","2,317,824.28"
"Guinea-Bissau","52,847.14","526,641.20","45,456.13","  1,340.84 ","  352.10 ","  1.51 ","  4,604.01 ","","  3,332.33 ","634,575.26","Guinea-Bissau","52,839.67","71,313.78","99,248.25","805.29","234.48","1.07","4,646.60","0.00","3,520.07","232,609.20"
"Guyana","6,716.75","701.71","22,224.25","  35.50 ","  23.32 ","  4.25 ","  -   ","","  1,571.88 ","31,277.65","Guyana","4,602.68","480.10","25,233.53","25.89","18.60","3.30","0.00","0.00","1,493.29","31,857.39"
"Haiti","391,013.08","45,643.93","119,895.61","  1,250.44 ","  213.14 ","  11.33 ","  -   ","","  32,543.48 ","590,571.02","Haiti","61,926.33","4,923.85","361,008.82","654.86","142.57","7.03","0.00","0.00","27,110.62","455,774.10"
"Honduras","33,645.41","1,137.68","73,592.41","  932.75 ","  255.66 ","  916.08 ","  -   ","","  -   ","110,479.99","Honduras","26,158.49","542.40","33,106.64","796.48","237.72","820.74","0.00","0.00","0.00","61,662.47"
"Hungary","13,902.30","7.93","7,976.11","  -   ","  -   ","  -   ","  -   ","","  -   ","21,886.34","Hungary","3,323.59","0.00","1,748.93","0.00","0.00","0.00","0.00","0.00","0.00","5,072.52"
"Iceland","116.82","0.10","385.18","  -   ","  -   ","  -   ","  -   ","","  -   ","502.10","Iceland","62.63","0.00","60.81","0.00","0.00","0.00","0.00","0.00","0.00","123.44"
"India","32,342,894.68","2,778,955.62","9,333,642.96","  120,208.53 ","  99,815.25 ","  9,750.03 ","  -   ","","  412,351.29 ","45,097,618.36","India","31,102,490.17","4,453,021.63","6,876,651.83","97,460.99","95,300.57","9,685.03","0.00","0.00","236,377.84","42,870,988.06"
"Indonesia","11,958,217.01","775,237.79","687,939.41","  29,752.84 ","  11,341.64 ","  1,605.43 ","  673.28 ","","  248,934.97 ","13,713,702.37","Indonesia","6,136,392.10","242,873.36","935,186.43","21,359.33","11,781.95","1,493.39","390.35","0.00","157,383.53","7,506,860.44"
"Iran","121,354.82","346.78","115,657.05","  143.16 ","  126.86 ","  0.00 ","  270.18 ","","  -   ","237,898.85","Iran","94,453.78","653.63","26,412.30","123.75","128.88","0.00","261.06","0.00","0.00","122,033.40"
"Iraq","129,151.88","46.80","461.89","  75.20 ","  1.36 ","  0.01 ","  4,938.40 ","","  -   ","134,675.53","Iraq","103,242.81","0.00","6,002.31","66.03","1.41","0.02","5,667.60","0.00","0.00","114,980.18"
"Ireland","2,433.45","1.74","1,724.01","  -   ","  -   ","  -   ","  -   ","","  -   ","4,159.20","Ireland","1,215.84","0.00","664.85","0.00","0.00","0.00","0.00","0.00","0.00","1,880.69"
"Israel","2,742.01","3.35","3,246.13","  -   ","  -   ","  -   ","  -   ","","  -   ","5,991.49","Israel","1,116.77","0.00","1,917.36","0.00","0.00","0.00","0.00","0.00","0.00","3,034.14"
"Italy","26,818.71","15.02","55,292.47","  -   ","  -   ","  -   ","  -   ","","  -   ","82,126.19","Italy","14,308.93","0.00","35,146.02","0.00","0.00","0.00","0.00","0.00","0.00","49,454.96"
"Jamaica","1,647.80","2.32","61,772.02","  410.75 ","  148.15 ","  154.60 ","  -   ","","  -   ","64,135.64","Jamaica","1,114.21","0.00","20,005.15","371.10","127.04","121.05","0.00","0.00","0.00","21,738.54"
"Japan","228,193.22","9.94","6,794.47","  -   ","  -   ","  -   ","  52.42 ","","  -   ","235,050.05","Japan","85,074.11","0.00","6,512.62","0.00","0.00","0.00","0.00","0.00","0.00","91,586.74"
"Jordan","5,787.19","1.85","1,269.46","  322.08 ","  75.69 ","  4.48 ","  185.53 ","","  -   ","7,646.28","Jordan","1,355.06","0.00","604.56","364.32","82.15","4.83","198.60","0.00","0.00","2,609.51"
"Kazakhstan","247,843.74","4.84","36,210.08","  1,344.50 ","  0.22 ","  -   ","  -   ","","  -   ","285,403.39","Kazakhstan","129,732.20","0.00","18,908.72","1,566.03","0.22","0.00","0.00","0.00","0.00","150,207.16"
"Kenya","1,003,130.27","2,444,864.17","3,365,417.95","  3,128.91 ","  2,588.72 ","  148.19 ","  65,765.44 ","","  778.45 ","6,885,822.11","Kenya","598,473.35","662,724.19","3,402,514.74","2,214.03","2,709.38","162.03","68,442.34","0.00","1,031.36","4,738,271.43"
"Kiribati","2,524.44","2.79","197.68","  0.97 ","  9.68 ","  0.80 ","  -   ","","  -   ","2,736.37","Kiribati","2,992.16","0.20","29.04","0.70","8.99","0.83","0.00","0.00","0.00","3,031.91"
"Kuwait","6,626.34","2.72","2,745.53","  -   ","  -   ","  -   ","  -   ","","  -   ","9,374.59","Kuwait","1,526.53","0.00","347.86","0.00","0.00","0.00","0.00","0.00","0.00","1,874.39"
"Kyrgyzstan","57,932.08","9.30","39,261.64","  637.82 ","  0.06 ","  -   ","  -   ","","  -   ","97,840.90","Kyrgyzstan","42,685.62","0.00","14,536.01","706.17","0.08","0.00","0.00","0.00","0.00","57,927.88"
"Lao People's Democratic Republic","176,114.54","43,345.47","14,573.64","  5,461.48 ","  764.66 ","  447.80 ","  2,614.78 ","","  276.85 ","243,599.21","Lao People's Democratic Republic","57,438.05","8,490.56","0.00","3,795.80","636.39","384.69","1,071.68","0.00","202.46","72,019.63"
"Latvia","10,220.97","6.48","20,107.08","  0.08 ","  -   ","  -   ","  -   ","","  -   ","30,334.61","Latvia","3,479.14","0.00","5,418.38","0.04","0.00","0.00","0.00","0.00","0.00","8,897.56"
"Lebanon","8,026.07","1.06","8,851.71","  0.38 ","  0.03 ","  -   ","  1.21 ","","  -   ","16,880.47","Lebanon","3,217.19","0.00","4,152.24","0.31","0.04","0.00","1.34","0.00","0.00","7,371.11"
"Lesotho","170,944.12","10.36","759,307.06","  479.23 ","  571.47 ","  1,187.38 ","  -   ","","  -   ","932,499.62","Lesotho","192,289.34","0.00","741,292.56","211.28","547.33","1,359.49","0.00","0.00","0.00","935,700.00"
"Liberia","197,676.52","1,281,184.76","125,463.25","  2,387.82 ","  1,800.21 ","  129.00 ","  13,572.29 ","","  12,128.83 ","1,634,342.67","Liberia","150,608.64","222,797.02","117,043.40","1,784.26","2,100.69","157.23","14,128.62","46,920.28","9,223.85","564,763.99"
"Libya","7,945.69","1.78","7,290.81","  16.71 ","  0.08 ","  1.61 ","  7,596.24 ","","  -   ","22,852.92","Libya","6,195.63","0.00","5,526.45","12.20","0.05","1.43","7,117.37","0.00","0.00","18,853.14"
"Lithuania","21,866.10","6.80","3,537.87","  0.12 ","  -   ","  -   ","  -   ","","  -   ","25,410.89","Lithuania","11,881.16","0.00","3,008.23","0.10","0.00","0.00","0.00","0.00","0.00","14,889.49"
"Luxembourg","182.70","1.27","335.04","  -   ","  -   ","  -   ","  -   ","","  -   ","519.02","Luxembourg","67.71","0.00","138.65","0.00","0.00","0.00","0.00","0.00","0.00","206.35"
"Madagascar","420,952.08","948,108.13","203,058.87","  34,231.71 ","  3,474.12 ","  7,999.35 ","  40,351.83 ","","  24,284.06 ","1,682,460.14","Madagascar","346,377.28","424,689.51","227,458.46","77,749.00","2,649.68","6,732.64","35,343.08","0.00","23,774.94","1,144,774.59"
"Malawi","554,464.54","2,001,282.72","2,835,064.37","  3,060.69 ","  1,095.58 ","  9.35 ","  34,156.66 ","","  23,049.37 ","5,452,183.29","Malawi","344,787.82","1,134,287.40","1,926,340.14","1,875.14","809.69","6.90","19,398.97","4,332.20","20,685.54","3,452,523.79"
"Malaysia","127,046.94","17,699.96","241,062.00","  9,179.80 ","  6,153.13 ","  792.55 ","  -   ","","  113.74 ","402,048.12","Malaysia","79,115.24","15,430.80","104,249.82","12,910.92","6,651.78","716.22","0.00","0.00","95.55","219,170.34"
"Maldives","946.40","2.56","108.01","  0.11 ","  0.00 ","  -   ","  -   ","","  -   ","1,057.08","Maldives","421.10","0.00","52.54","0.06","0.00","0.00","0.00","0.00","17.08","490.78"
"Mali","365,922.94","4,558,375.02","336,740.07","  3,184.48 ","  2,376.89 ","  0.12 ","  37,298.46 ","","  37,387.63 ","5,341,285.60","Mali","234,895.17","3,720,969.05","388,952.86","2,444.53","1,838.14","0.10","17,575.88","0.00","33,971.78","4,400,647.49"
"Malta","176.32","0.13","144.17","  -   ","  -   ","  -   ","  -   ","","  -   ","320.62","Malta","45.07","0.00","93.87","0.00","0.00","0.00","0.00","0.00","0.00","138.94"
"Marshall Islands","1,354.25","1.99","0.00","  1.43 ","  22.98 ","  0.37 ","  -   ","","  -   ","1,381.02","Marshall Islands","214.56","0.00","176.02","1.16","23.54","0.39","0.00","0.00","18.73","434.40"
"Mauritania","71,509.96","156,683.46","53,657.13","  114.18 ","  97.14 ","  2.39 ","  7,093.31 ","","  83.40 ","289,240.97","Mauritania","41,398.12","34,514.33","19,641.38","75.96","106.90","2.59","6,878.47","0.00","99.57","102,717.32"
"Mauritius","1,123.94","9.83","24,346.88","  0.58 ","  0.01 ","  -   ","  1,152.40 ","","  -   ","26,633.63","Mauritius","865.78","7.43","3,897.70","0.42","0.01","0.00","1,277.64","0.00","0.00","6,048.97"
"Mexico","289,581.21","116.68","266,959.39","  5,390.87 ","  26.95 ","  6,442.94 ","  -   ","","  -   ","568,518.04","Mexico","163,119.33","790.70","277,880.78","4,861.65","21.16","6,187.74","0.00","0.00","0.00","452,861.37"
"Micronesia (Federated States of)","1,821.06","4.14","0.00","  22.62 ","  10.84 ","  0.42 ","  -   ","","  25.09 ","1,884.17","Micronesia (Federated States of)","280.87","0.00","0.00","20.44","8.75","0.39","0.00","0.00","88.78","399.23"
"Monaco","0.00","0.00","0.00","  -   ","  -   ","  -   ","  -   ","","  -   ","0.00","Monaco","0.00","0.00","0.00","0.00","0.00","0.00","0.00","0.00","0.00","0.00"
"Mongolia","57,373.91","0.96","1,101.73","  -   ","  0.04 ","  -   ","  -   ","","  -   ","58,476.64","Mongolia","30,197.79","0.00","163.22","0.00","0.05","0.00","0.00","0.00","0.00","30,361.05"
"Montenegro","621.87","0.53","94.57","  0.16 ","  -   ","  -   ","  -   ","","  -   ","717.13","Montenegro","242.43","0.00","61.82","0.10","0.00","0.00","0.00","0.00","0.00","304.35"
"Montserrat","0.00","0.00","0.00","  -   ","  -   ","  -   ","  -   ","","  -   ","0.00","Montserrat","0.00","0.00","0.00","0.00","0.00","0.00","0.00","0.00","0.00","0.00"
"Morocco","477,696.51","8.93","78,606.34","  433.43 ","  0.29 ","  64.47 ","  2,864.39 ","","  -   ","559,674.36","Morocco","193,108.80","211.11","18,357.58","394.63","0.38","64.23","3,135.66","0.00","0.00","215,272.39"
"Mozambique","1,078,455.47","5,258,951.00","4,138,318.25","  45,368.97 ","  8,471.02 ","  8,606.72 ","  26,049.25 ","","  44,502.73 ","10,608,723.42","Mozambique","803,598.47","2,319,419.92","4,858,381.05","14,639.72","10,385.66","11,717.40","22,537.14","0.00","40,724.03","8,081,403.38"
"Myanmar","2,268,199.12","1,286,395.29","1,125,585.01","  7,744.98 ","  806.53 ","  3,786.04 ","  -   ","","  73,416.48 ","4,765,933.43","Myanmar","1,305,829.15","479,929.66","415,611.73","3,622.68","355.73","1,935.99","0.00","0.00","49,465.79","2,256,750.72"
"Namibia","85,112.90","31,208.82","295,555.87","  18.10 ","  478.56 ","  5.75 ","  1,549.42 ","","  -   ","413,929.42","Namibia","96,298.16","16,363.23","323,958.82","11.57","488.45","6.22","1,845.01","0.00","0.00","438,971.45"
"Nauru","0.00","0.00","0.00","  -   ","  -   ","  -   ","  -   ","","  -   ","0.00","Nauru","0.00","0.00","0.00","0.00","0.00","0.00","0.00","0.00","0.00","0.00"
"Nepal","799,163.85","32,006.41","223,024.23","  3,207.31 ","  13,736.89 ","  1,675.15 ","  -   ","","  30,335.87 ","1,103,149.70","Nepal","729,974.78","39,783.02","90,667.74","2,615.12","11,887.68","1,668.30","0.00","0.00","20,447.94","897,044.57"
"Netherlands","7,030.72","5.52","5,222.45","  -   ","  -   ","  -   ","  -   ","","  -   ","12,258.68","Netherlands","2,410.96","0.00","3,232.71","0.00","0.00","0.00","0.00","0.00","0.00","5,643.67"
"New Caledonia","0.00","0.00","0.00","  -   ","  -   ","  -   ","  -   ","","  -   ","0.00","New Caledonia","0.00","0.00","0.00","0.00","0.00","0.00","0.00","0.00","0.00","0.00"
"New Zealand","1,548.79","20.38","918.33","  -   ","  -   ","  -   ","  -   ","","  -   ","2,487.50","New Zealand","685.67","0.00","633.40","0.00","0.00","0.00","0.00","0.00","0.00","1,319.07"
"Nicaragua","32,552.52","1,741.69","4,978.91","  196.82 ","  11.05 ","  40.46 ","  -   ","","  -   ","39,521.46","Nicaragua","11,864.92","192.63","10,305.82","123.17","4.51","20.80","0.00","0.00","0.00","22,511.86"
"Niger","575,787.22","2,846,555.29","191,428.62","  4,011.56 ","  530.24 ","  0.00 ","  22,940.75 ","","  11,209.69 ","3,652,463.37","Niger","525,717.37","2,781,044.54","207,740.61","3,437.70","460.79","0.00","11,594.38","0.00","9,155.76","3,539,151.15"
"Nigeria","4,251,848.36","45,922,844.19","9,429,745.65","  155,150.34 ","  19,915.90 ","  453.20 ","  391,251.25 ","","  242,127.33 ","60,413,336.23","Nigeria","1,307,030.08","27,079,139.35","7,931,154.76","139,394.39","20,879.11","524.82","343,899.34","169,547.97","270,064.17","37,261,634.00"
"Niue","0.00","0.00","0.00","  -   ","  -   ","  -   ","  -   ","","  -   ","0.00","Niue","0.00","0.00","0.00","0.00","0.00","0.00","0.00","0.00","0.00","0.00"
"Northern Mariana Islands","0.00","0.00","0.00","  -   ","  0.03 ","  -   ","  -   ","","  -   ","0.03","Northern Mariana Islands","114.14","1.36","69.76","0.00","0.01","0.00","0.00","0.00","0.00","185.27"
"Norway","1,786.41","2.07","1,233.67","  -   ","  -   ","  -   ","  -   ","","  -   ","3,022.15","Norway","1,026.40","0.00","699.33","0.00","0.00","0.00","0.00","0.00","0.00","1,725.73"
"Oman","5,309.09","2.40","1,076.67","  1.14 ","  0.04 ","  0.00 ","  71.80 ","","  -   ","6,461.15","Oman","2,373.68","27.28","3,404.10","0.95","0.04","0.00","118.30","0.00","0.00","5,924.35"
"Pakistan","5,250,449.18","259,142.96","202,507.87","  17,918.63 ","  1,416.22 ","  28.09 ","  -   ","","  -   ","5,731,462.96","Pakistan","3,703,908.88","564,657.39","78,219.04","17,297.72","1,499.93","29.74","0.00","0.00","0.00","4,365,612.71"
"Palau","0.00","0.00","0.00","  -   ","  -   ","  -   ","  -   ","","  -   ","0.00","Palau","0.00","0.00","0.00","0.00","0.00","0.00","0.00","0.00","0.00","0.00"
"Panama","16,254.24","805.87","44,187.32","  111.85 ","  0.06 ","  -   ","  -   ","","  -   ","61,359.34","Panama","13,246.50","124.61","23,576.35","100.09","0.03","0.00","0.00","0.00","0.00","37,047.56"
"Papua New Guinea","261,679.04","126,552.95","96,328.24","  5,167.64 ","  8,700.49 ","  -   ","  -   ","","  15,916.26 ","514,344.63","Papua New Guinea","31,965.13","98,140.37","45,245.84","4,278.17","9,132.24","0.00","0.00","0.00","18,151.05","206,912.80"
"Paraguay","26,258.37","6.71","26,365.86","  189.63 ","  349.21 ","  5.95 ","  -   ","","  -   ","53,175.73","Paraguay","16,657.66","47.45","18,636.29","155.69","329.81","5.42","0.00","0.00","0.00","35,832.32"
"Peru","225,074.07","1,307.75","131,125.55","  1,134.69 ","  170.82 ","  992.86 ","  -   ","","  -   ","359,805.74","Peru","131,657.37","763.99","46,234.78","923.51","148.12","846.67","0.00","0.00","0.00","180,574.44"
"Philippines","2,608,562.88","50,854.31","19,971.84","  20,876.42 ","  21,517.55 ","  5,698.03 ","  69,810.23 ","","  55,576.08 ","2,852,867.35","Philippines","1,494,103.88","69,164.20","223,771.88","14,378.42","15,371.56","5,262.91","50,852.11","0.00","27,756.56","1,900,661.52"
"Poland","61,559.26","31.86","12,167.36","  0.83 ","  -   ","  -   ","  -   ","","  -   ","73,759.30","Poland","31,730.71","0.00","7,167.19","0.56","0.00","0.00","0.00","0.00","0.00","38,898.46"
"Portugal","20,676.42","3.25","42,767.16","  -   ","  -   ","  -   ","  -   ","","  -   ","63,446.83","Portugal","9,404.88","0.00","31,209.44","0.00","0.00","0.00","0.00","0.00","0.00","40,614.32"
"Puerto Rico","0.00","0.00","0.00","  -   ","  -   ","  -   ","  157.55 ","","  -   ","157.55","Puerto Rico","988.04","20.24","12,816.21","0.00","0.00","0.00","136.89","0.00","0.00","13,961.38"
"Qatar","3,696.55","207.74","960.94","  -   ","  0.01 ","  -   ","  -   ","","  -   ","4,865.24","Qatar","848.89","0.00","349.28","0.00","0.01","0.00","0.00","0.00","0.00","1,198.18"
"Republic of Korea","245,666.01","29.25","22,242.36","  -   ","  0.52 ","  0.00 ","  -   ","","  12,680.19 ","280,618.32","Republic of Korea","243,192.74","0.00","0.00","0.00","0.42","0.00","0.00","0.00","0.00","243,193.16"
"Republic of Moldova","42,058.19","14.11","31,752.43","  0.39 ","  -   ","  -   ","  -   ","","  -   ","73,825.12","Republic of Moldova","15,030.88","0.00","0.00","0.27","0.00","0.00","0.00","0.00","0.00","15,031.14"
"Romania","171,989.13","18.02","33,359.35","  2.46 ","  -   ","  -   ","  -   ","","  -   ","205,368.95","Romania","69,242.57","0.00","5,167.92","1.57","0.00","0.00","0.00","0.00","0.00","74,412.06"
"Russia","1,929,282.07","447.09","2,384,348.57","  -   ","  -   ","  -   ","  -   ","","  -   ","4,314,077.73","Russia","788,685.29","0.00","988,825.31","0.00","0.00","0.00","0.00","0.00","0.00","1,777,510.60"
"Rwanda","350,772.69","702,035.14","299,877.30","  26,080.13 ","  7,563.59 ","  930.33 ","  11,735.00 ","","  -   ","1,398,994.18","Rwanda","224,005.90","119,785.32","291,659.87","17,243.64","9,575.47","924.72","9,597.34","0.00","0.00","672,792.26"
"Saint Kitts and Nevis","0.00","0.00","0.00","  -   ","  -   ","  -   ","  -   ","","  -   ","0.00","Saint Kitts and Nevis","0.00","0.00","0.00","0.00","0.00","0.00","0.00","0.00","0.00","0.00"
"Saint Lucia","561.64","0.15","1,048.23","  5.47 ","  19.59 ","  1.59 ","  28.68 ","","  -   ","1,665.35","Saint Lucia","356.98","0.00","560.41","5.06","16.50","1.45","29.56","0.00","0.00","969.97"
"Saint Vincent and the Grenadines","173.80","0.09","1,480.48","  1.34 ","  13.08 ","  0.02 ","  -   ","","  -   ","1,668.80","Saint Vincent and the Grenadines","188.23","0.00","966.95","1.21","12.72","0.02","0.00","0.00","0.00","1,169.13"
"Samoa","677.68","6.23","0.00","  1.91 ","  3.88 ","  0.00 ","  -   ","","  163.31 ","853.02","Samoa","297.68","0.00","410.03","1.29","3.25","0.00","0.00","0.00","69.81","782.06"
"San Marino","0.00","0.00","0.00","  -   ","  -   ","  -   ","  -   ","","  -   ","0.00","San Marino","0.00","0.00","0.00","0.00","0.00","0.00","0.00","0.00","0.00","0.00"
"Sao Tome and Principe","1,114.15","8,177.66","2,553.41","  112.71 ","  41.32 ","  35.81 ","  201.24 ","","  422.07 ","12,658.37","Sao Tome and Principe","1,371.64","636.36","25.30","107.00","44.13","38.26","187.46","0.00","493.44","2,903.59"
"Saudi Arabia","76,215.64","1,064.12","9,142.05","  75.01 ","  526.89 ","  0.06 ","  479.31 ","","  -   ","87,503.07","Saudi Arabia","40,629.75","606.25","24,373.23","55.72","505.05","0.06","455.55","0.00","0.00","66,625.60"
"Senegal","296,995.97","705,910.98","122,962.61","  1,367.14 ","  492.16 ","  60.22 ","  45,091.23 ","","  8,577.34 ","1,181,457.65","Senegal","466,821.23","240,608.34","143,575.32","1,038.81","551.82","67.60","28,026.27","0.00","11,763.85","892,453.23"
"Serbia","12,942.27","11.35","17,853.31","  0.82 ","  -   ","  -   ","  -   ","","  -   ","30,807.75","Serbia","7,872.89","0.00","2,238.16","0.57","0.00","0.00","0.00","0.00","0.00","10,111.61"
"Seychelles","219.49","0.88","480.19","  5.45 ","  19.03 ","  21.96 ","  -   ","","  -   ","746.99","Seychelles","86.95","0.00","290.03","5.30","16.48","26.74","0.00","0.00","0.00","425.50"
"Sierra Leone","216,314.86","1,594,184.56","136,348.74","  11,443.97 ","  3,563.40 ","  392.37 ","  5,703.43 ","","  7,020.29 ","1,974,971.62","Sierra Leone","130,019.80","870,382.97","153,717.24","5,598.90","1,552.07","201.05","2,516.97","18,440.33","5,696.95","1,188,126.28"
"Singapore","6,933.02","0.67","3,107.24","  -   ","  -   ","  -   ","  -   ","","  -   ","10,040.92","Singapore","2,519.58","0.65","659.20","0.00","0.00","0.00","0.00","0.00","0.00","3,179.43"
"Sint Maarten (Dutch part)","0.00","0.00","0.00","  -   ","  -   ","  -   ","  -   ","","  -   ","0.00","Sint Maarten (Dutch part)","0.00","0.00","0.00","0.00","0.00","0.00","0.00","0.00","0.00","0.00"
"Slovakia","4,607.51","4.37","396.16","  0.28 ","  -   ","  -   ","  -   ","","  -   ","5,008.31","Slovakia","1,778.61","0.00","266.52","0.24","0.00","0.00","0.00","0.00","0.00","2,045.37"
"Slovenia","1,638.11","1.62","547.18","  -   ","  -   ","  -   ","  -   ","","  -   ","2,186.90","Slovenia","633.64","0.00","83.00","0.00","0.00","0.00","0.00","0.00","0.00","716.64"
"Solomon Islands","13,833.03","6,619.64","0.00","  39.54 ","  348.30 ","  47.73 ","  -   ","","  -   ","20,888.23","Solomon Islands","3,820.20","2,433.96","1,354.53","30.58","320.06","48.22","0.00","0.00","0.00","8,007.55"
"Somalia","566,966.65","1,028,946.13","266,964.86","  2,630.35 ","  3,998.80 ","  1,291.29 ","  19,970.75 ","","  -   ","1,890,768.82","Somalia","610,825.34","291,499.79","93,716.70","2,422.17","3,997.66","1,435.71","22,076.38","0.00","0.00","1,025,973.76"
"South Africa","1,648,227.98","21,723.92","12,066,713.66","  2,518.89 ","  12,964.58 ","  9,283.94 ","  46,196.50 ","","  -   ","13,807,629.47","South Africa","2,043,751.83","15,067.96","9,211,716.69","2,555.28","12,977.22","9,234.90","45,477.27","0.00","0.00","11,340,781.16"
"South Sudan","240,703.71","393,571.76","551,492.71","  7,659.26 ","  1,423.15 ","  4.17 ","  16,228.15 ","","  2,485.45 ","1,213,568.35","South Sudan","0.00","545,414.71","494,642.80","7,254.37","1,636.36","5.00","20,937.11","80,684.35","2,727.35","1,153,302.06"
"Spain","41,008.24","12.04","56,770.30","  -   ","  -   ","  -   ","  -   ","","  -   ","97,790.58","Spain","14,362.43","0.00","68,731.77","0.00","0.00","0.00","0.00","0.00","0.00","83,094.20"
"Sri Lanka","117,550.39","2,523.45","9,919.30","  368.87 ","  874.86 ","  142.53 ","  -   ","","  8,991.06 ","140,370.46","Sri Lanka","40,863.48","441.38","2,749.51","289.93","791.46","141.26","0.00","0.00","2,409.41","47,686.43"
"Sudan","581,754.11","3,038,353.82","898,185.43","  1,591.85 ","  3,957.42 ","  12.89 ","  21,760.48 ","","  2,341.81 ","4,547,957.81","Sudan","143,645.45","263,064.30","221,487.43","1,156.28","3,990.22","13.68","18,191.38","0.00","2,691.40","654,240.13"
"Suriname","1,022.00","571.26","16,695.91","  6.31 ","  32.34 ","  0.00 ","  481.89 ","","  -   ","18,809.71","Suriname","548.10","105.17","6,369.65","4.85","24.19","0.00","514.27","0.00","0.00","7,566.24"
"Swaziland","53,649.70","1,017.01","389,032.55","  207.65 ","  925.91 ","  351.71 ","  968.02 ","","  -   ","446,152.55","Swaziland","68,911.71","33.42","360,630.83","213.16","1,277.03","372.17","900.20","0.00","0.00","432,338.53"
"Sweden","1,081.49","0.00","1,946.64","  -   ","  -   ","  -   ","  -   ","","  -   ","3,028.13","Sweden","1,819.35","0.00","1,205.82","0.00","0.00","0.00","0.00","0.00","0.00","3,025.17"
"Switzerland","610.31","0.00","6,779.52","  -   ","  -   ","  -   ","  -   ","","  -   ","7,389.83","Switzerland","1,100.80","0.00","2,685.55","0.00","0.00","0.00","0.00","0.00","0.00","3,786.35"
"Syrian Arab Republic","53,235.79","0.00","4,022.46","  1,054.60 ","  265.93 ","  15.06 ","  2,903.13 ","","  -   ","61,496.97","Syrian Arab Republic","5,073.77","0.00","0.00","938.25","243.90","13.08","2,493.58","0.00","0.00","8,762.56"
"Tajikistan","78,621.07","819.89","29,224.81","  64.05 ","  0.05 ","  0.00 ","  -   ","","  -   ","108,729.88","Tajikistan","46,143.86","320.51","9,271.85","97.80","613.28","0.00","0.00","0.00","0.00","56,447.31"
"Tanzania","1,030,101.83","7,681,939.19","5,097,139.31","  24,581.02 ","  18,925.22 ","  1,290.56 ","  164,061.38 ","","  44,808.03 ","14,062,846.54","Tanzania","856,848.69","1,468,262.93","2,717,962.90","16,714.33","21,309.26","1,519.32","115,714.66","16,194.26","39,246.61","5,253,772.96"
"Thailand","641,817.77","25,168.85","1,226,987.25","  482.33 ","  5,598.78 ","  11.62 ","  -   ","","  69.72 ","1,900,136.31","Thailand","327,664.62","22,543.20","661,970.70","306.81","4,720.86","10.25","0.00","0.00","62.56","1,017,278.99"
"The Former Yugoslav Republic of Macedonia","4,934.37","1.82","2,404.73","  0.23 ","  -   ","  -   ","  -   ","","  -   ","7,341.15","The Former Yugoslav Republic of Macedonia","2,718.57","0.00","0.00","0.25","0.00","0.00","0.00","0.00","0.00","2,718.82"
"Timor-Leste","0.00","0.00","0.00","  183.52 ","  69.22 ","  8.40 ","  -   ","","  3,626.47 ","3,887.62","Timor-Leste","8,924.90","991.52","3,340.21","130.61","71.93","8.78","0.00","0.00","3,778.19","17,246.15"
"Togo","262,470.88","475,520.61","304,080.61","  2,028.70 ","  358.88 ","  0.15 ","  32,856.59 ","","  768.26 ","1,078,084.66","Togo","107,085.82","674,423.29","336,718.39","1,327.40","384.91","0.16","10,298.93","161.76","815.08","1,131,215.73"
"Tokelau","0.00","0.00","0.00","  -   ","  -   ","  -   ","  -   ","","  -   ","0.00","Tokelau","0.00","0.00","0.00","0.00","0.00","0.00","0.00","0.00","0.00","0.00"
"Tonga","419.15","3.48","0.00","  0.77 ","  6.47 ","  0.11 ","  -   ","","  55.72 ","485.70","Tonga","99.81","0.00","71.47","0.61","6.18","0.10","0.00","0.00","58.27","236.43"
"Trinidad and Tobago","2,048.17","1.84","30,440.72","  3.07 ","  5.18 ","  0.04 ","  -   ","","  -   ","32,499.02","Trinidad and Tobago","1,056.20","0.00","11,470.90","2.47","4.60","0.04","0.00","0.00","0.00","12,534.20"
"Tunisia","25,140.54","2.71","32,245.39","  32.80 ","  0.22 ","  0.55 ","  576.62 ","","  -   ","57,998.82","Tunisia","18,960.29","0.00","4,576.02","29.17","0.21","0.52","621.88","0.00","0.00","24,188.11"
"Turkey","221,876.78","70.70","6,838.71","  160.62 ","  1.49 ","  17.85 ","  446.83 ","","  -   ","229,412.98","Turkey","57,834.05","348.20","9,611.37","123.95","0.82","18.09","497.12","0.00","0.00","68,433.61"
"Turkmenistan","67,131.84","1.59","22,893.37","  23.92 ","  0.11 ","  -   ","  -   ","","  -   ","90,050.82","Turkmenistan","30,913.74","0.14","17,007.76","17.31","0.10","0.00","0.00","0.00","0.00","47,939.05"
"Turks and Caicos Islands","0.00","0.00","0.00","  -   ","  -   ","  -   ","  -   ","","  -   ","0.00","Turks and Caicos Islands","0.00","0.00","0.00","0.00","0.00","0.00","0.00","0.00","0.00","0.00"
"Tuvalu","0.00","0.00","0.00","  -   ","  -   ","  -   ","  -   ","","  -   ","0.00","Tuvalu","0.00","0.00","0.00","0.00","0.00","0.00","0.00","0.00","0.00","0.00"
"Uganda","1,509,879.98","5,799,033.48","3,164,663.82","  11,787.13 ","  7,734.53 ","  145.51 ","  124,976.83 ","","  19,248.43 ","10,637,469.71","Uganda","700,850.36","5,479,225.00","2,354,903.83","9,611.41","6,139.55","120.84","101,111.28","19,585.91","14,365.34","8,685,913.51"
"Ukraine","570,349.50","195.69","1,061,908.94","  -   ","  -   ","  -   ","  -   ","","  -   ","1,632,454.13","Ukraine","283,075.35","0.00","383,476.42","0.00","0.00","0.00","0.00","0.00","0.00","666,551.77"
"United Arab Emirates","5,144.08","12.71","12,240.43","  0.70 ","  0.08 ","  -   ","  -   ","","  -   ","17,398.00","United Arab Emirates","5,758.28","105.18","13,308.72","0.67","0.10","0.00","0.00","0.00","0.00","19,172.95"
"United Kingdom of Great Britain and Northern Ireland","38,394.58","17.93","22,292.47","  -   ","  -   ","  -   ","  -   ","","  -   ","60,704.98","United Kingdom of Great Britain and Northern Ireland","15,051.74","0.00","0.00","0.00","0.00","0.00","0.00","0.00","0.00","15,051.74"
"United States","81,484.25","817.95","591,229.51","  -   ","  -   ","  -   ","  -   ","","  -   ","673,531.70","United States","38,207.37","0.00","363,727.97","0.00","0.00","0.00","0.00","0.00","0.00","401,935.34"
"Uruguay","5,257.25","0.93","9,527.96","  0.76 ","  -   ","  -   ","  -   ","","  -   ","14,786.90","Uruguay","2,296.09","0.00","7,491.57","0.54","0.00","0.00","0.00","0.00","0.00","9,788.20"
"US Virgin Islands","0.00","0.00","0.00","  -   ","  -   ","  -   ","  -   ","","  -   ","0.00","US Virgin Islands","55.45","0.52","0.00","0.00","0.00","0.00","0.00","0.00","0.00","55.97"
"Uzbekistan","296,254.77","43.93","79,476.60","  8.79 ","  0.36 ","  -   ","  -   ","","  -   ","375,784.44","Uzbekistan","160,599.67","0.00","26,321.98","6.60","0.35","0.00","0.00","0.00","0.00","186,928.60"
"Vanuatu","4,477.70","501.18","0.00","  126.47 ","  143.35 ","  17.23 ","  -   ","","  216.23 ","5,482.17","Vanuatu","1,376.22","880.28","681.44","114.51","145.63","18.64","0.00","0.00","52.20","3,268.92"
"Venezuela","67,611.53","1,049.59","280,952.26","  3,180.81 ","  1,539.64 ","  3,960.83 ","  4,927.46 ","","  -   ","363,222.12","Venezuela","36,496.45","1,622.26","103,511.80","4,530.96","1,384.02","4,506.46","5,171.97","615.78","0.00","157,839.72"
"Viet Nam","985,770.75","64,727.70","663,467.68","  5,394.90 ","  6,634.97 ","  795.59 ","  -   ","","  1,389.13 ","1,728,180.72","Viet Nam","809,911.79","51,334.46","0.00","3,066.25","2,976.92","456.56","0.00","0.00","1,481.12","869,227.09"
"Wallis and Futuna Islands","0.00","0.00","0.00","  -   ","  -   ","  -   ","  -   ","","  -   ","0.00","Wallis and Futuna Islands","0.00","0.00","0.00","0.00","0.00","0.00","0.00","0.00","0.00","0.00"
"West Bank and Gaza Strip","0.00","0.00","0.00","  -   ","  -   ","  -   ","  -   ","","  -   ","0.00","West Bank and Gaza Strip","0.00","0.00","0.00","0.00","0.00","0.00","0.00","0.00","0.00","0.00"
"Yemen","414,201.75","363,859.86","8,210.10","  1,807.64 ","  524.96 ","  19.01 ","  18,403.38 ","","  51.06 ","807,077.77","Yemen","134,865.00","31,746.78","8,216.06","1,875.16","557.05","20.88","8,098.30","0.00","46.81","185,426.04"
"Zambia","492,791.63","1,799,198.29","1,858,488.44","  5,028.77 ","  6,986.77 ","  21.46 ","  30,006.68 ","","  4,527.77 ","4,197,049.81","Zambia","304,662.45","730,546.52","2,097,664.61","3,274.95","7,724.20","24.50","29,474.61","0.00","4,762.20","3,178,134.04"
"Zimbabwe","618,767.66","289,111.44","2,480,195.97","  1,266.63 ","  5,424.55 ","  2,385.49 ","  26,083.21 ","","  58.98 ","3,423,293.92","Zimbabwe","523,639.79","110,730.46","2,715,981.85","851.92","5,924.16","2,663.08","16,945.54","0.00","67.51","3,376,804.30"
